user_id,pair,s,p_perm,n_posts,n_pos_attr,n_neg_attr,pair_centroid_cosine,label_majority,targets,channel_id,channel_title,group_label,corpus,source_kind,n_videos,signif_bh_fdr_0.05
iran_videos_with_all_comments_sample100::UC-3jIAlnQmbbVMV6gR7K8aQ,escalation_vs_restraint,-0.8296667337417603,0.09095452273863068,5638,8,8,0.7648059129714966,influencer,,UC-3jIAlnQmbbVMV6gR7K8aQ,The Majority Report w/ Sam Seder,iran_videos_with_all_comments_sample100,iran,influencer,13,False
iran_videos_with_all_comments_sample100::UC1yBKRuGpC1tSM73A0ZjYjQ,escalation_vs_restraint,-0.8295420408248901,0.12643678160919541,21922,8,8,0.7648059129714966,influencer,,UC1yBKRuGpC1tSM73A0ZjYjQ,The Young Turks,iran_videos_with_all_comments_sample100,iran,influencer,18,False
iran_videos_with_all_comments_sample100::UCCRNUa9EwvRXMYwUmDi3JtA,escalation_vs_restraint,-0.8303841352462769,0.10194902548725637,100,8,8,0.7648059129714966,influencer,,UCCRNUa9EwvRXMYwUmDi3JtA,Chad Prather,iran_videos_with_all_comments_sample100,iran,influencer,1,False
iran_videos_with_all_comments_sample100::UCD8YGIxFCnVqv-ZGqgtVWAg,escalation_vs_restraint,-0.831622838973999,0.10294852573713144,7609,8,8,0.7648059129714966,influencer,,UCD8YGIxFCnVqv-ZGqgtVWAg,Erick Stakelbeck on TBN,iran_videos_with_all_comments_sample100,iran,influencer,8,False
iran_videos_with_all_comments_sample100::UCG749Dj4V2fKa143f8sE60Q,escalation_vs_restraint,-0.8298178315162659,0.10194902548725637,1807,8,8,0.7648059129714966,influencer,,UCG749Dj4V2fKa143f8sE60Q,Tim Pool,iran_videos_with_all_comments_sample100,iran,influencer,1,False
iran_videos_with_all_comments_sample100::UCJdKr0Bgd_5saZYqLCa9mng,escalation_vs_restraint,-0.8310025930404663,0.11494252873563218,13385,8,8,0.7648059129714966,influencer,,UCJdKr0Bgd_5saZYqLCa9mng,The Rubin Report,iran_videos_with_all_comments_sample100,iran,influencer,7,False
iran_videos_with_all_comments_sample100::UCLdP3jmBYe9lAZQbY6OSYjw,escalation_vs_restraint,-0.8297450542449951,0.11444277861069466,15392,8,8,0.7648059129714966,influencer,,UCLdP3jmBYe9lAZQbY6OSYjw,Benny Johnson,iran_videos_with_all_comments_sample100,iran,influencer,7,False
iran_videos_with_all_comments_sample100::UCNNTZgxNQuBrhbO0VrG8woA,escalation_vs_restraint,-0.8303549885749817,0.12093953023488256,409,8,8,0.7648059129714966,influencer,,UCNNTZgxNQuBrhbO0VrG8woA,No Jumper,iran_videos_with_all_comments_sample100,iran,influencer,1,False
iran_videos_with_all_comments_sample100::UCQANb2YPwAtK-IQJrLaaUFw,escalation_vs_restraint,-0.8283737897872925,0.10394802598700649,2747,8,8,0.7648059129714966,influencer,,UCQANb2YPwAtK-IQJrLaaUFw,Brian Tyler Cohen,iran_videos_with_all_comments_sample100,iran,influencer,3,False
iran_videos_with_all_comments_sample100::UCaYw_yJ_YLPEv6zR2c7hgHA,escalation_vs_restraint,-0.8305254578590393,0.11694152923538231,1507,8,8,0.7648059129714966,influencer,,UCaYw_yJ_YLPEv6zR2c7hgHA,The Officer Tatum,iran_videos_with_all_comments_sample100,iran,influencer,3,False
iran_videos_with_all_comments_sample100::UCeAACGXB76rAOON6aaY72-Q,escalation_vs_restraint,-0.8285220861434937,0.1089455272363818,91,8,8,0.7648059129714966,influencer,,UCeAACGXB76rAOON6aaY72-Q,Keith Olbermann,iran_videos_with_all_comments_sample100,iran,influencer,1,False
iran_videos_with_all_comments_sample100::UCfaIu2jO-fppCQV_lchCRIQ,escalation_vs_restraint,-0.8294754028320312,0.11444277861069466,737,8,8,0.7648059129714966,influencer,,UCfaIu2jO-fppCQV_lchCRIQ,Charlie Kirk,iran_videos_with_all_comments_sample100,iran,influencer,1,False
iran_videos_with_all_comments_sample100::UClFSU9_bUb4Rc6OYfTt5SPw,escalation_vs_restraint,-0.830659031867981,0.10394802598700649,8049,8,8,0.7648059129714966,influencer,,UClFSU9_bUb4Rc6OYfTt5SPw,Philip DeFranco,iran_videos_with_all_comments_sample100,iran,influencer,3,False
iran_videos_with_all_comments_sample100::UCnQC_G5Xsjhp9fEJKuIcrSw,escalation_vs_restraint,-0.8293794393539429,0.10294852573713144,1620,8,8,0.7648059129714966,influencer,,UCnQC_G5Xsjhp9fEJKuIcrSw,Ben Shapiro,iran_videos_with_all_comments_sample100,iran,influencer,3,False
iran_videos_with_all_comments_sample100::UCt6J-LE3g25VPn530Td8Ttw,escalation_vs_restraint,-0.8283282518386841,0.11094452773613193,62,8,8,0.7648059129714966,influencer,,UCt6J-LE3g25VPn530Td8Ttw,The Clay Travis & Buck Sexton Show,iran_videos_with_all_comments_sample100,iran,influencer,16,False
iran_videos_with_all_comments_sample100::UCtoaZpBnrd0lhycxYJ4MNOQ,escalation_vs_restraint,-0.8298780918121338,0.11694152923538231,3625,8,8,0.7648059129714966,influencer,,UCtoaZpBnrd0lhycxYJ4MNOQ,HasanAbi,iran_videos_with_all_comments_sample100,iran,influencer,4,False
iran_videos_with_all_comments_sample100::UCvixJtaXuNdMPUGdOPcY8Ag,escalation_vs_restraint,-0.8297162055969238,0.1089455272363818,2318,8,8,0.7648059129714966,influencer,,UCvixJtaXuNdMPUGdOPcY8Ag,David Pakman Show,iran_videos_with_all_comments_sample100,iran,influencer,5,False
iran_videos_with_all_comments_sample100::UCx_2Vso6Qz76n-w5KV8DZcA,escalation_vs_restraint,-0.8315412402153015,0.10194902548725637,488,8,8,0.7648059129714966,influencer,,UCx_2Vso6Qz76n-w5KV8DZcA,Allie Beth Stuckey,iran_videos_with_all_comments_sample100,iran,influencer,1,False
iran_videos_with_all_comments_sample100::UC-3jIAlnQmbbVMV6gR7K8aQ,us_alignment_vs_anti_us,-0.28040820360183716,0.6346826586706646,5638,7,7,0.875340461730957,influencer,,UC-3jIAlnQmbbVMV6gR7K8aQ,The Majority Report w/ Sam Seder,iran_videos_with_all_comments_sample100,iran,influencer,13,False
iran_videos_with_all_comments_sample100::UC1yBKRuGpC1tSM73A0ZjYjQ,us_alignment_vs_anti_us,-0.2797400653362274,0.6391804097951025,21922,7,7,0.875340461730957,influencer,,UC1yBKRuGpC1tSM73A0ZjYjQ,The Young Turks,iran_videos_with_all_comments_sample100,iran,influencer,18,False
iran_videos_with_all_comments_sample100::UCCRNUa9EwvRXMYwUmDi3JtA,us_alignment_vs_anti_us,-0.28137415647506714,0.6266866566716641,100,7,7,0.875340461730957,influencer,,UCCRNUa9EwvRXMYwUmDi3JtA,Chad Prather,iran_videos_with_all_comments_sample100,iran,influencer,1,False
iran_videos_with_all_comments_sample100::UCD8YGIxFCnVqv-ZGqgtVWAg,us_alignment_vs_anti_us,-0.27964872121810913,0.6196901549225388,7609,7,7,0.875340461730957,influencer,,UCD8YGIxFCnVqv-ZGqgtVWAg,Erick Stakelbeck on TBN,iran_videos_with_all_comments_sample100,iran,influencer,8,False
iran_videos_with_all_comments_sample100::UCG749Dj4V2fKa143f8sE60Q,us_alignment_vs_anti_us,-0.2796039283275604,0.6271864067966016,1807,7,7,0.875340461730957,influencer,,UCG749Dj4V2fKa143f8sE60Q,Tim Pool,iran_videos_with_all_comments_sample100,iran,influencer,1,False
iran_videos_with_all_comments_sample100::UCJdKr0Bgd_5saZYqLCa9mng,us_alignment_vs_anti_us,-0.2807786166667938,0.6256871564217891,13385,7,7,0.875340461730957,influencer,,UCJdKr0Bgd_5saZYqLCa9mng,The Rubin Report,iran_videos_with_all_comments_sample100,iran,influencer,7,False
iran_videos_with_all_comments_sample100::UCLdP3jmBYe9lAZQbY6OSYjw,us_alignment_vs_anti_us,-0.2804516553878784,0.6211894052973513,15392,7,7,0.875340461730957,influencer,,UCLdP3jmBYe9lAZQbY6OSYjw,Benny Johnson,iran_videos_with_all_comments_sample100,iran,influencer,7,False
iran_videos_with_all_comments_sample100::UCNNTZgxNQuBrhbO0VrG8woA,us_alignment_vs_anti_us,-0.2812316119670868,0.6266866566716641,409,7,7,0.875340461730957,influencer,,UCNNTZgxNQuBrhbO0VrG8woA,No Jumper,iran_videos_with_all_comments_sample100,iran,influencer,1,False
iran_videos_with_all_comments_sample100::UCQANb2YPwAtK-IQJrLaaUFw,us_alignment_vs_anti_us,-0.2806091904640198,0.617191404297851,2747,7,7,0.875340461730957,influencer,,UCQANb2YPwAtK-IQJrLaaUFw,Brian Tyler Cohen,iran_videos_with_all_comments_sample100,iran,influencer,3,False
iran_videos_with_all_comments_sample100::UCaYw_yJ_YLPEv6zR2c7hgHA,us_alignment_vs_anti_us,-0.27930548787117004,0.6326836581709145,1507,7,7,0.875340461730957,influencer,,UCaYw_yJ_YLPEv6zR2c7hgHA,The Officer Tatum,iran_videos_with_all_comments_sample100,iran,influencer,3,False
iran_videos_with_all_comments_sample100::UCeAACGXB76rAOON6aaY72-Q,us_alignment_vs_anti_us,-0.2826754152774811,0.6146926536731634,91,7,7,0.875340461730957,influencer,,UCeAACGXB76rAOON6aaY72-Q,Keith Olbermann,iran_videos_with_all_comments_sample100,iran,influencer,1,False
iran_videos_with_all_comments_sample100::UCfaIu2jO-fppCQV_lchCRIQ,us_alignment_vs_anti_us,-0.2814490497112274,0.6251874062968515,737,7,7,0.875340461730957,influencer,,UCfaIu2jO-fppCQV_lchCRIQ,Charlie Kirk,iran_videos_with_all_comments_sample100,iran,influencer,1,False
iran_videos_with_all_comments_sample100::UClFSU9_bUb4Rc6OYfTt5SPw,us_alignment_vs_anti_us,-0.2807662785053253,0.6166916541729135,8049,7,7,0.875340461730957,influencer,,UClFSU9_bUb4Rc6OYfTt5SPw,Philip DeFranco,iran_videos_with_all_comments_sample100,iran,influencer,3,False
iran_videos_with_all_comments_sample100::UCnQC_G5Xsjhp9fEJKuIcrSw,us_alignment_vs_anti_us,-0.28044646978378296,0.6101949025487257,1620,7,7,0.875340461730957,influencer,,UCnQC_G5Xsjhp9fEJKuIcrSw,Ben Shapiro,iran_videos_with_all_comments_sample100,iran,influencer,3,False
iran_videos_with_all_comments_sample100::UCt6J-LE3g25VPn530Td8Ttw,us_alignment_vs_anti_us,-0.28160223364830017,0.623688155922039,62,7,7,0.875340461730957,influencer,,UCt6J-LE3g25VPn530Td8Ttw,The Clay Travis & Buck Sexton Show,iran_videos_with_all_comments_sample100,iran,influencer,16,False
iran_videos_with_all_comments_sample100::UCtoaZpBnrd0lhycxYJ4MNOQ,us_alignment_vs_anti_us,-0.28045889735221863,0.6306846576711644,3625,7,7,0.875340461730957,influencer,,UCtoaZpBnrd0lhycxYJ4MNOQ,HasanAbi,iran_videos_with_all_comments_sample100,iran,influencer,4,False
iran_videos_with_all_comments_sample100::UCvixJtaXuNdMPUGdOPcY8Ag,us_alignment_vs_anti_us,-0.2807462215423584,0.624687656171914,2318,7,7,0.875340461730957,influencer,,UCvixJtaXuNdMPUGdOPcY8Ag,David Pakman Show,iran_videos_with_all_comments_sample100,iran,influencer,5,False
iran_videos_with_all_comments_sample100::UCx_2Vso6Qz76n-w5KV8DZcA,us_alignment_vs_anti_us,-0.2808970510959625,0.6096951524237881,488,7,7,0.875340461730957,influencer,,UCx_2Vso6Qz76n-w5KV8DZcA,Allie Beth Stuckey,iran_videos_with_all_comments_sample100,iran,influencer,1,False
iran_videos_with_all_comments_sample100::UC-3jIAlnQmbbVMV6gR7K8aQ,civilian_humanitarian_vs_military_geopolitics,-0.3889246881008148,0.46776611694152925,5638,8,8,0.7625672221183777,influencer,,UC-3jIAlnQmbbVMV6gR7K8aQ,The Majority Report w/ Sam Seder,iran_videos_with_all_comments_sample100,iran,influencer,13,False
iran_videos_with_all_comments_sample100::UC1yBKRuGpC1tSM73A0ZjYjQ,civilian_humanitarian_vs_military_geopolitics,-0.38920173048973083,0.4497751124437781,21922,8,8,0.7625672221183777,influencer,,UC1yBKRuGpC1tSM73A0ZjYjQ,The Young Turks,iran_videos_with_all_comments_sample100,iran,influencer,18,False
iran_videos_with_all_comments_sample100::UCCRNUa9EwvRXMYwUmDi3JtA,civilian_humanitarian_vs_military_geopolitics,-0.3878720700740814,0.456271864067966,100,8,8,0.7625672221183777,influencer,,UCCRNUa9EwvRXMYwUmDi3JtA,Chad Prather,iran_videos_with_all_comments_sample100,iran,influencer,1,False
iran_videos_with_all_comments_sample100::UCD8YGIxFCnVqv-ZGqgtVWAg,civilian_humanitarian_vs_military_geopolitics,-0.3884005546569824,0.45827086456771615,7609,8,8,0.7625672221183777,influencer,,UCD8YGIxFCnVqv-ZGqgtVWAg,Erick Stakelbeck on TBN,iran_videos_with_all_comments_sample100,iran,influencer,8,False
iran_videos_with_all_comments_sample100::UCG749Dj4V2fKa143f8sE60Q,civilian_humanitarian_vs_military_geopolitics,-0.3878568112850189,0.4642678660669665,1807,8,8,0.7625672221183777,influencer,,UCG749Dj4V2fKa143f8sE60Q,Tim Pool,iran_videos_with_all_comments_sample100,iran,influencer,1,False
iran_videos_with_all_comments_sample100::UCJdKr0Bgd_5saZYqLCa9mng,civilian_humanitarian_vs_military_geopolitics,-0.388278990983963,0.456271864067966,13385,8,8,0.7625672221183777,influencer,,UCJdKr0Bgd_5saZYqLCa9mng,The Rubin Report,iran_videos_with_all_comments_sample100,iran,influencer,7,False
iran_videos_with_all_comments_sample100::UCLdP3jmBYe9lAZQbY6OSYjw,civilian_humanitarian_vs_military_geopolitics,-0.3900095820426941,0.48125937031484256,15392,8,8,0.7625672221183777,influencer,,UCLdP3jmBYe9lAZQbY6OSYjw,Benny Johnson,iran_videos_with_all_comments_sample100,iran,influencer,7,False
iran_videos_with_all_comments_sample100::UCNNTZgxNQuBrhbO0VrG8woA,civilian_humanitarian_vs_military_geopolitics,-0.39171263575553894,0.4577711144427786,409,8,8,0.7625672221183777,influencer,,UCNNTZgxNQuBrhbO0VrG8woA,No Jumper,iran_videos_with_all_comments_sample100,iran,influencer,1,False
iran_videos_with_all_comments_sample100::UCQANb2YPwAtK-IQJrLaaUFw,civilian_humanitarian_vs_military_geopolitics,-0.38921433687210083,0.46276861569215394,2747,8,8,0.7625672221183777,influencer,,UCQANb2YPwAtK-IQJrLaaUFw,Brian Tyler Cohen,iran_videos_with_all_comments_sample100,iran,influencer,3,False
iran_videos_with_all_comments_sample100::UCaYw_yJ_YLPEv6zR2c7hgHA,civilian_humanitarian_vs_military_geopolitics,-0.38520246744155884,0.4522738630684658,1507,8,8,0.7625672221183777,influencer,,UCaYw_yJ_YLPEv6zR2c7hgHA,The Officer Tatum,iran_videos_with_all_comments_sample100,iran,influencer,3,False
iran_videos_with_all_comments_sample100::UCeAACGXB76rAOON6aaY72-Q,civilian_humanitarian_vs_military_geopolitics,-0.39090174436569214,0.4357821089455272,91,8,8,0.7625672221183777,influencer,,UCeAACGXB76rAOON6aaY72-Q,Keith Olbermann,iran_videos_with_all_comments_sample100,iran,influencer,1,False
iran_videos_with_all_comments_sample100::UCfaIu2jO-fppCQV_lchCRIQ,civilian_humanitarian_vs_military_geopolitics,-0.3877969980239868,0.4572713643178411,737,8,8,0.7625672221183777,influencer,,UCfaIu2jO-fppCQV_lchCRIQ,Charlie Kirk,iran_videos_with_all_comments_sample100,iran,influencer,1,False
iran_videos_with_all_comments_sample100::UClFSU9_bUb4Rc6OYfTt5SPw,civilian_humanitarian_vs_military_geopolitics,-0.387774795293808,0.4707646176911544,8049,8,8,0.7625672221183777,influencer,,UClFSU9_bUb4Rc6OYfTt5SPw,Philip DeFranco,iran_videos_with_all_comments_sample100,iran,influencer,3,False
iran_videos_with_all_comments_sample100::UCnQC_G5Xsjhp9fEJKuIcrSw,civilian_humanitarian_vs_military_geopolitics,-0.3880307972431183,0.4702648675662169,1620,8,8,0.7625672221183777,influencer,,UCnQC_G5Xsjhp9fEJKuIcrSw,Ben Shapiro,iran_videos_with_all_comments_sample100,iran,influencer,3,False
iran_videos_with_all_comments_sample100::UCt6J-LE3g25VPn530Td8Ttw,civilian_humanitarian_vs_military_geopolitics,-0.3910362422466278,0.4827586206896552,62,8,8,0.7625672221183777,influencer,,UCt6J-LE3g25VPn530Td8Ttw,The Clay Travis & Buck Sexton Show,iran_videos_with_all_comments_sample100,iran,influencer,16,False
iran_videos_with_all_comments_sample100::UCtoaZpBnrd0lhycxYJ4MNOQ,civilian_humanitarian_vs_military_geopolitics,-0.3883785903453827,0.44677661169415295,3625,8,8,0.7625672221183777,influencer,,UCtoaZpBnrd0lhycxYJ4MNOQ,HasanAbi,iran_videos_with_all_comments_sample100,iran,influencer,4,False
iran_videos_with_all_comments_sample100::UCvixJtaXuNdMPUGdOPcY8Ag,civilian_humanitarian_vs_military_geopolitics,-0.38759252429008484,0.49325337331334335,2318,8,8,0.7625672221183777,influencer,,UCvixJtaXuNdMPUGdOPcY8Ag,David Pakman Show,iran_videos_with_all_comments_sample100,iran,influencer,5,False
iran_videos_with_all_comments_sample100::UCx_2Vso6Qz76n-w5KV8DZcA,civilian_humanitarian_vs_military_geopolitics,-0.38591164350509644,0.4482758620689655,488,8,8,0.7625672221183777,influencer,,UCx_2Vso6Qz76n-w5KV8DZcA,Allie Beth Stuckey,iran_videos_with_all_comments_sample100,iran,influencer,1,False
iran_videos_with_all_comments_sample100::UC-3jIAlnQmbbVMV6gR7K8aQ,alarmist_vs_analytic,1.1738618612289429,0.015992003998001,5638,8,8,0.7450925707817078,influencer,,UC-3jIAlnQmbbVMV6gR7K8aQ,The Majority Report w/ Sam Seder,iran_videos_with_all_comments_sample100,iran,influencer,13,True
iran_videos_with_all_comments_sample100::UC1yBKRuGpC1tSM73A0ZjYjQ,alarmist_vs_analytic,1.1750324964523315,0.015992003998001,21922,8,8,0.7450925707817078,influencer,,UC1yBKRuGpC1tSM73A0ZjYjQ,The Young Turks,iran_videos_with_all_comments_sample100,iran,influencer,18,True
iran_videos_with_all_comments_sample100::UCCRNUa9EwvRXMYwUmDi3JtA,alarmist_vs_analytic,1.1741724014282227,0.021989005497251374,100,8,8,0.7450925707817078,influencer,,UCCRNUa9EwvRXMYwUmDi3JtA,Chad Prather,iran_videos_with_all_comments_sample100,iran,influencer,1,True
iran_videos_with_all_comments_sample100::UCD8YGIxFCnVqv-ZGqgtVWAg,alarmist_vs_analytic,1.1770762205123901,0.01899050474762619,7609,8,8,0.7450925707817078,influencer,,UCD8YGIxFCnVqv-ZGqgtVWAg,Erick Stakelbeck on TBN,iran_videos_with_all_comments_sample100,iran,influencer,8,True
iran_videos_with_all_comments_sample100::UCG749Dj4V2fKa143f8sE60Q,alarmist_vs_analytic,1.1756895780563354,0.017991004497751123,1807,8,8,0.7450925707817078,influencer,,UCG749Dj4V2fKa143f8sE60Q,Tim Pool,iran_videos_with_all_comments_sample100,iran,influencer,1,True
iran_videos_with_all_comments_sample100::UCJdKr0Bgd_5saZYqLCa9mng,alarmist_vs_analytic,1.1725836992263794,0.02348825587206397,13385,8,8,0.7450925707817078,influencer,,UCJdKr0Bgd_5saZYqLCa9mng,The Rubin Report,iran_videos_with_all_comments_sample100,iran,influencer,7,True
iran_videos_with_all_comments_sample100::UCLdP3jmBYe9lAZQbY6OSYjw,alarmist_vs_analytic,1.1771029233932495,0.01899050474762619,15392,8,8,0.7450925707817078,influencer,,UCLdP3jmBYe9lAZQbY6OSYjw,Benny Johnson,iran_videos_with_all_comments_sample100,iran,influencer,7,True
iran_videos_with_all_comments_sample100::UCNNTZgxNQuBrhbO0VrG8woA,alarmist_vs_analytic,1.1759750843048096,0.014492753623188406,409,8,8,0.7450925707817078,influencer,,UCNNTZgxNQuBrhbO0VrG8woA,No Jumper,iran_videos_with_all_comments_sample100,iran,influencer,1,True
iran_videos_with_all_comments_sample100::UCQANb2YPwAtK-IQJrLaaUFw,alarmist_vs_analytic,1.1737464666366577,0.01999000499750125,2747,8,8,0.7450925707817078,influencer,,UCQANb2YPwAtK-IQJrLaaUFw,Brian Tyler Cohen,iran_videos_with_all_comments_sample100,iran,influencer,3,True
iran_videos_with_all_comments_sample100::UCaYw_yJ_YLPEv6zR2c7hgHA,alarmist_vs_analytic,1.176144003868103,0.012993503248375811,1507,8,8,0.7450925707817078,influencer,,UCaYw_yJ_YLPEv6zR2c7hgHA,The Officer Tatum,iran_videos_with_all_comments_sample100,iran,influencer,3,True
iran_videos_with_all_comments_sample100::UCeAACGXB76rAOON6aaY72-Q,alarmist_vs_analytic,1.1720290184020996,0.01999000499750125,91,8,8,0.7450925707817078,influencer,,UCeAACGXB76rAOON6aaY72-Q,Keith Olbermann,iran_videos_with_all_comments_sample100,iran,influencer,1,True
iran_videos_with_all_comments_sample100::UCfaIu2jO-fppCQV_lchCRIQ,alarmist_vs_analytic,1.1752967834472656,0.020989505247376312,737,8,8,0.7450925707817078,influencer,,UCfaIu2jO-fppCQV_lchCRIQ,Charlie Kirk,iran_videos_with_all_comments_sample100,iran,influencer,1,True
iran_videos_with_all_comments_sample100::UClFSU9_bUb4Rc6OYfTt5SPw,alarmist_vs_analytic,1.172788143157959,0.018490754622688656,8049,8,8,0.7450925707817078,influencer,,UClFSU9_bUb4Rc6OYfTt5SPw,Philip DeFranco,iran_videos_with_all_comments_sample100,iran,influencer,3,True
iran_videos_with_all_comments_sample100::UCnQC_G5Xsjhp9fEJKuIcrSw,alarmist_vs_analytic,1.1742312908172607,0.015992003998001,1620,8,8,0.7450925707817078,influencer,,UCnQC_G5Xsjhp9fEJKuIcrSw,Ben Shapiro,iran_videos_with_all_comments_sample100,iran,influencer,3,True
iran_videos_with_all_comments_sample100::UCt6J-LE3g25VPn530Td8Ttw,alarmist_vs_analytic,1.1692596673965454,0.025987006496751622,62,8,8,0.7450925707817078,influencer,,UCt6J-LE3g25VPn530Td8Ttw,The Clay Travis & Buck Sexton Show,iran_videos_with_all_comments_sample100,iran,influencer,16,True
iran_videos_with_all_comments_sample100::UCtoaZpBnrd0lhycxYJ4MNOQ,alarmist_vs_analytic,1.1731107234954834,0.021989005497251374,3625,8,8,0.7450925707817078,influencer,,UCtoaZpBnrd0lhycxYJ4MNOQ,HasanAbi,iran_videos_with_all_comments_sample100,iran,influencer,4,True
iran_videos_with_all_comments_sample100::UCvixJtaXuNdMPUGdOPcY8Ag,alarmist_vs_analytic,1.17677640914917,0.02448775612193903,2318,8,8,0.7450925707817078,influencer,,UCvixJtaXuNdMPUGdOPcY8Ag,David Pakman Show,iran_videos_with_all_comments_sample100,iran,influencer,5,True
iran_videos_with_all_comments_sample100::UCx_2Vso6Qz76n-w5KV8DZcA,alarmist_vs_analytic,1.1711413860321045,0.02348825587206397,488,8,8,0.7450925707817078,influencer,,UCx_2Vso6Qz76n-w5KV8DZcA,Allie Beth Stuckey,iran_videos_with_all_comments_sample100,iran,influencer,1,True
iran_videos_with_all_comments_sample100::UC-3jIAlnQmbbVMV6gR7K8aQ,certainty_vs_hedge,0.6855770945549011,0.24287856071964017,5638,7,7,0.7854242324829102,influencer,,UC-3jIAlnQmbbVMV6gR7K8aQ,The Majority Report w/ Sam Seder,iran_videos_with_all_comments_sample100,iran,influencer,13,False
iran_videos_with_all_comments_sample100::UC1yBKRuGpC1tSM73A0ZjYjQ,certainty_vs_hedge,0.6852384209632874,0.25037481259370314,21922,7,7,0.7854242324829102,influencer,,UC1yBKRuGpC1tSM73A0ZjYjQ,The Young Turks,iran_videos_with_all_comments_sample100,iran,influencer,18,False
iran_videos_with_all_comments_sample100::UCCRNUa9EwvRXMYwUmDi3JtA,certainty_vs_hedge,0.6828644275665283,0.25837081459270367,100,7,7,0.7854242324829102,influencer,,UCCRNUa9EwvRXMYwUmDi3JtA,Chad Prather,iran_videos_with_all_comments_sample100,iran,influencer,1,False
iran_videos_with_all_comments_sample100::UCD8YGIxFCnVqv-ZGqgtVWAg,certainty_vs_hedge,0.6842467784881592,0.24887556221889057,7609,7,7,0.7854242324829102,influencer,,UCD8YGIxFCnVqv-ZGqgtVWAg,Erick Stakelbeck on TBN,iran_videos_with_all_comments_sample100,iran,influencer,8,False
iran_videos_with_all_comments_sample100::UCG749Dj4V2fKa143f8sE60Q,certainty_vs_hedge,0.6844666600227356,0.2353823088455772,1807,7,7,0.7854242324829102,influencer,,UCG749Dj4V2fKa143f8sE60Q,Tim Pool,iran_videos_with_all_comments_sample100,iran,influencer,1,False
iran_videos_with_all_comments_sample100::UCJdKr0Bgd_5saZYqLCa9mng,certainty_vs_hedge,0.6843433380126953,0.23338330834582707,13385,7,7,0.7854242324829102,influencer,,UCJdKr0Bgd_5saZYqLCa9mng,The Rubin Report,iran_videos_with_all_comments_sample100,iran,influencer,7,False
iran_videos_with_all_comments_sample100::UCLdP3jmBYe9lAZQbY6OSYjw,certainty_vs_hedge,0.6844494938850403,0.23388305847076463,15392,7,7,0.7854242324829102,influencer,,UCLdP3jmBYe9lAZQbY6OSYjw,Benny Johnson,iran_videos_with_all_comments_sample100,iran,influencer,7,False
iran_videos_with_all_comments_sample100::UCNNTZgxNQuBrhbO0VrG8woA,certainty_vs_hedge,0.687698483467102,0.23138430784607697,409,7,7,0.7854242324829102,influencer,,UCNNTZgxNQuBrhbO0VrG8woA,No Jumper,iran_videos_with_all_comments_sample100,iran,influencer,1,False
iran_videos_with_all_comments_sample100::UCQANb2YPwAtK-IQJrLaaUFw,certainty_vs_hedge,0.6848391890525818,0.24387806096951525,2747,7,7,0.7854242324829102,influencer,,UCQANb2YPwAtK-IQJrLaaUFw,Brian Tyler Cohen,iran_videos_with_all_comments_sample100,iran,influencer,3,False
iran_videos_with_all_comments_sample100::UCaYw_yJ_YLPEv6zR2c7hgHA,certainty_vs_hedge,0.6868053078651428,0.22438780609695153,1507,7,7,0.7854242324829102,influencer,,UCaYw_yJ_YLPEv6zR2c7hgHA,The Officer Tatum,iran_videos_with_all_comments_sample100,iran,influencer,3,False
iran_videos_with_all_comments_sample100::UCeAACGXB76rAOON6aaY72-Q,certainty_vs_hedge,0.6837674975395203,0.24187906046976512,91,7,7,0.7854242324829102,influencer,,UCeAACGXB76rAOON6aaY72-Q,Keith Olbermann,iran_videos_with_all_comments_sample100,iran,influencer,1,False
iran_videos_with_all_comments_sample100::UCfaIu2jO-fppCQV_lchCRIQ,certainty_vs_hedge,0.6860960721969604,0.23288355822088955,737,7,7,0.7854242324829102,influencer,,UCfaIu2jO-fppCQV_lchCRIQ,Charlie Kirk,iran_videos_with_all_comments_sample100,iran,influencer,1,False
iran_videos_with_all_comments_sample100::UClFSU9_bUb4Rc6OYfTt5SPw,certainty_vs_hedge,0.6821944713592529,0.25037481259370314,8049,7,7,0.7854242324829102,influencer,,UClFSU9_bUb4Rc6OYfTt5SPw,Philip DeFranco,iran_videos_with_all_comments_sample100,iran,influencer,3,False
iran_videos_with_all_comments_sample100::UCnQC_G5Xsjhp9fEJKuIcrSw,certainty_vs_hedge,0.6838855147361755,0.2288855572213893,1620,7,7,0.7854242324829102,influencer,,UCnQC_G5Xsjhp9fEJKuIcrSw,Ben Shapiro,iran_videos_with_all_comments_sample100,iran,influencer,3,False
iran_videos_with_all_comments_sample100::UCt6J-LE3g25VPn530Td8Ttw,certainty_vs_hedge,0.6827000379562378,0.25087456271864067,62,7,7,0.7854242324829102,influencer,,UCt6J-LE3g25VPn530Td8Ttw,The Clay Travis & Buck Sexton Show,iran_videos_with_all_comments_sample100,iran,influencer,16,False
iran_videos_with_all_comments_sample100::UCtoaZpBnrd0lhycxYJ4MNOQ,certainty_vs_hedge,0.6838505268096924,0.248375812093953,3625,7,7,0.7854242324829102,influencer,,UCtoaZpBnrd0lhycxYJ4MNOQ,HasanAbi,iran_videos_with_all_comments_sample100,iran,influencer,4,False
iran_videos_with_all_comments_sample100::UCvixJtaXuNdMPUGdOPcY8Ag,certainty_vs_hedge,0.6841885447502136,0.2538730634682659,2318,7,7,0.7854242324829102,influencer,,UCvixJtaXuNdMPUGdOPcY8Ag,David Pakman Show,iran_videos_with_all_comments_sample100,iran,influencer,5,False
iran_videos_with_all_comments_sample100::UCx_2Vso6Qz76n-w5KV8DZcA,certainty_vs_hedge,0.6841825842857361,0.2448775612193903,488,7,7,0.7854242324829102,influencer,,UCx_2Vso6Qz76n-w5KV8DZcA,Allie Beth Stuckey,iran_videos_with_all_comments_sample100,iran,influencer,1,False
iran_videos_with_all_comments_sample100::UC-3jIAlnQmbbVMV6gR7K8aQ,propaganda_vs_verification,0.13662882149219513,0.8035982008995503,5638,7,7,0.7631001472473145,influencer,,UC-3jIAlnQmbbVMV6gR7K8aQ,The Majority Report w/ Sam Seder,iran_videos_with_all_comments_sample100,iran,influencer,13,False
iran_videos_with_all_comments_sample100::UC1yBKRuGpC1tSM73A0ZjYjQ,propaganda_vs_verification,0.1375298798084259,0.8075962018990505,21922,7,7,0.7631001472473145,influencer,,UC1yBKRuGpC1tSM73A0ZjYjQ,The Young Turks,iran_videos_with_all_comments_sample100,iran,influencer,18,False
iran_videos_with_all_comments_sample100::UCCRNUa9EwvRXMYwUmDi3JtA,propaganda_vs_verification,0.1386810839176178,0.7961019490254873,100,7,7,0.7631001472473145,influencer,,UCCRNUa9EwvRXMYwUmDi3JtA,Chad Prather,iran_videos_with_all_comments_sample100,iran,influencer,1,False
iran_videos_with_all_comments_sample100::UCD8YGIxFCnVqv-ZGqgtVWAg,propaganda_vs_verification,0.13836976885795593,0.8110944527736131,7609,7,7,0.7631001472473145,influencer,,UCD8YGIxFCnVqv-ZGqgtVWAg,Erick Stakelbeck on TBN,iran_videos_with_all_comments_sample100,iran,influencer,8,False
iran_videos_with_all_comments_sample100::UCG749Dj4V2fKa143f8sE60Q,propaganda_vs_verification,0.13741475343704224,0.809095452273863,1807,7,7,0.7631001472473145,influencer,,UCG749Dj4V2fKa143f8sE60Q,Tim Pool,iran_videos_with_all_comments_sample100,iran,influencer,1,False
iran_videos_with_all_comments_sample100::UCJdKr0Bgd_5saZYqLCa9mng,propaganda_vs_verification,0.13678434491157532,0.8110944527736131,13385,7,7,0.7631001472473145,influencer,,UCJdKr0Bgd_5saZYqLCa9mng,The Rubin Report,iran_videos_with_all_comments_sample100,iran,influencer,7,False
iran_videos_with_all_comments_sample100::UCLdP3jmBYe9lAZQbY6OSYjw,propaganda_vs_verification,0.13814757764339447,0.8175912043978011,15392,7,7,0.7631001472473145,influencer,,UCLdP3jmBYe9lAZQbY6OSYjw,Benny Johnson,iran_videos_with_all_comments_sample100,iran,influencer,7,False
iran_videos_with_all_comments_sample100::UCNNTZgxNQuBrhbO0VrG8woA,propaganda_vs_verification,0.13849963247776031,0.8270864567716142,409,7,7,0.7631001472473145,influencer,,UCNNTZgxNQuBrhbO0VrG8woA,No Jumper,iran_videos_with_all_comments_sample100,iran,influencer,1,False
iran_videos_with_all_comments_sample100::UCQANb2YPwAtK-IQJrLaaUFw,propaganda_vs_verification,0.13694819808006287,0.7971014492753623,2747,7,7,0.7631001472473145,influencer,,UCQANb2YPwAtK-IQJrLaaUFw,Brian Tyler Cohen,iran_videos_with_all_comments_sample100,iran,influencer,3,False
iran_videos_with_all_comments_sample100::UCaYw_yJ_YLPEv6zR2c7hgHA,propaganda_vs_verification,0.13759927451610565,0.7941029485257372,1507,7,7,0.7631001472473145,influencer,,UCaYw_yJ_YLPEv6zR2c7hgHA,The Officer Tatum,iran_videos_with_all_comments_sample100,iran,influencer,3,False
iran_videos_with_all_comments_sample100::UCeAACGXB76rAOON6aaY72-Q,propaganda_vs_verification,0.1361638605594635,0.8070964517741129,91,7,7,0.7631001472473145,influencer,,UCeAACGXB76rAOON6aaY72-Q,Keith Olbermann,iran_videos_with_all_comments_sample100,iran,influencer,1,False
iran_videos_with_all_comments_sample100::UCfaIu2jO-fppCQV_lchCRIQ,propaganda_vs_verification,0.13714519143104553,0.8035982008995503,737,7,7,0.7631001472473145,influencer,,UCfaIu2jO-fppCQV_lchCRIQ,Charlie Kirk,iran_videos_with_all_comments_sample100,iran,influencer,1,False
iran_videos_with_all_comments_sample100::UClFSU9_bUb4Rc6OYfTt5SPw,propaganda_vs_verification,0.13606750965118408,0.808095952023988,8049,7,7,0.7631001472473145,influencer,,UClFSU9_bUb4Rc6OYfTt5SPw,Philip DeFranco,iran_videos_with_all_comments_sample100,iran,influencer,3,False
iran_videos_with_all_comments_sample100::UCnQC_G5Xsjhp9fEJKuIcrSw,propaganda_vs_verification,0.13701266050338745,0.809095452273863,1620,7,7,0.7631001472473145,influencer,,UCnQC_G5Xsjhp9fEJKuIcrSw,Ben Shapiro,iran_videos_with_all_comments_sample100,iran,influencer,3,False
iran_videos_with_all_comments_sample100::UCt6J-LE3g25VPn530Td8Ttw,propaganda_vs_verification,0.13748301565647125,0.815592203898051,62,7,7,0.7631001472473145,influencer,,UCt6J-LE3g25VPn530Td8Ttw,The Clay Travis & Buck Sexton Show,iran_videos_with_all_comments_sample100,iran,influencer,16,False
iran_videos_with_all_comments_sample100::UCtoaZpBnrd0lhycxYJ4MNOQ,propaganda_vs_verification,0.136875718832016,0.8075962018990505,3625,7,7,0.7631001472473145,influencer,,UCtoaZpBnrd0lhycxYJ4MNOQ,HasanAbi,iran_videos_with_all_comments_sample100,iran,influencer,4,False
iran_videos_with_all_comments_sample100::UCvixJtaXuNdMPUGdOPcY8Ag,propaganda_vs_verification,0.1399022340774536,0.8070964517741129,2318,7,7,0.7631001472473145,influencer,,UCvixJtaXuNdMPUGdOPcY8Ag,David Pakman Show,iran_videos_with_all_comments_sample100,iran,influencer,5,False
iran_videos_with_all_comments_sample100::UCx_2Vso6Qz76n-w5KV8DZcA,propaganda_vs_verification,0.1339918076992035,0.8060969515242379,488,7,7,0.7631001472473145,influencer,,UCx_2Vso6Qz76n-w5KV8DZcA,Allie Beth Stuckey,iran_videos_with_all_comments_sample100,iran,influencer,1,False
