user_id,anchor,anchor_label,anchor_group,anchor_description,cosine_similarity,cosine_distance,n_anchor_terms,n_posts,label_majority,targets,channel_id,channel_title,group_label,corpus,source_kind,n_videos,similarity_zscore_within_anchor,distance_zscore_within_anchor
iran_influencers::UC-3jIAlnQmbbVMV6gR7K8aQ,trump,Trump,leader,Direct channel proximity to Trump-centered language.,0.5705151557922363,0.42948484420776367,1,5638,influencer,,UC-3jIAlnQmbbVMV6gR7K8aQ,The Majority Report w/ Sam Seder,iran_influencers,iran,influencer,13,0.7636893759349214,-0.7636893759348805
iran_influencers::UC1yBKRuGpC1tSM73A0ZjYjQ,trump,Trump,leader,Direct channel proximity to Trump-centered language.,0.5709471702575684,0.42905282974243164,1,21922,influencer,,UC1yBKRuGpC1tSM73A0ZjYjQ,The Young Turks,iran_influencers,iran,influencer,18,1.0814269611366347,-1.0814269611365939
iran_influencers::UCCRNUa9EwvRXMYwUmDi3JtA,trump,Trump,leader,Direct channel proximity to Trump-centered language.,0.5689840316772461,0.4310159683227539,1,100,influencer,,UCCRNUa9EwvRXMYwUmDi3JtA,Chad Prather,iran_influencers,iran,influencer,1,-0.3624203217281049,0.3624203217281457
iran_influencers::UCD8YGIxFCnVqv-ZGqgtVWAg,trump,Trump,leader,Direct channel proximity to Trump-centered language.,0.5688714981079102,0.43112850189208984,1,7609,influencer,,UCD8YGIxFCnVqv-ZGqgtVWAg,Erick Stakelbeck on TBN,iran_influencers,iran,influencer,8,-0.4451864035245777,0.4451864035246185
iran_influencers::UCG749Dj4V2fKa143f8sE60Q,trump,Trump,leader,Direct channel proximity to Trump-centered language.,0.569031834602356,0.43096816539764404,1,1807,influencer,,UCG749Dj4V2fKa143f8sE60Q,Tim Pool,iran_influencers,iran,influencer,1,-0.3272622721514252,0.3272622721514661
iran_influencers::UCJdKr0Bgd_5saZYqLCa9mng,trump,Trump,leader,Direct channel proximity to Trump-centered language.,0.5701789259910583,0.42982107400894165,1,13385,influencer,,UCJdKr0Bgd_5saZYqLCa9mng,The Rubin Report,iran_influencers,iran,influencer,7,0.5163994037877269,-0.516399403787686
iran_influencers::UCLdP3jmBYe9lAZQbY6OSYjw,trump,Trump,leader,Direct channel proximity to Trump-centered language.,0.5697346329689026,0.4302653670310974,1,15392,influencer,,UCLdP3jmBYe9lAZQbY6OSYjw,Benny Johnson,iran_influencers,iran,influencer,7,0.18963119737305087,-0.18963119737301004
iran_influencers::UCNNTZgxNQuBrhbO0VrG8woA,trump,Trump,leader,Direct channel proximity to Trump-centered language.,0.5708178281784058,0.42918217182159424,1,409,influencer,,UCNNTZgxNQuBrhbO0VrG8woA,No Jumper,iran_influencers,iran,influencer,1,0.9862985726311548,-0.986298572631114
iran_influencers::UCQANb2YPwAtK-IQJrLaaUFw,trump,Trump,leader,Direct channel proximity to Trump-centered language.,0.5706691741943359,0.42933082580566406,1,2747,influencer,,UCQANb2YPwAtK-IQJrLaaUFw,Brian Tyler Cohen,iran_influencers,iran,influencer,3,0.8769666828004328,-0.876966682800392
iran_influencers::UCaYw_yJ_YLPEv6zR2c7hgHA,trump,Trump,leader,Direct channel proximity to Trump-centered language.,0.5677717924118042,0.4322282075881958,1,1507,influencer,,UCaYw_yJ_YLPEv6zR2c7hgHA,The Officer Tatum,iran_influencers,iran,influencer,3,-1.2539968956564227,1.2539968956564636
iran_influencers::UCeAACGXB76rAOON6aaY72-Q,trump,Trump,leader,Direct channel proximity to Trump-centered language.,0.5681847333908081,0.4318152666091919,1,91,influencer,,UCeAACGXB76rAOON6aaY72-Q,Keith Olbermann,iran_influencers,iran,influencer,1,-0.9502874599117386,0.9502874599117794
iran_influencers::UCfaIu2jO-fppCQV_lchCRIQ,trump,Trump,leader,Direct channel proximity to Trump-centered language.,0.5673405528068542,0.43265944719314575,1,737,influencer,,UCfaIu2jO-fppCQV_lchCRIQ,Charlie Kirk,iran_influencers,iran,influencer,1,-1.5711645872864444,1.571164587286485
iran_influencers::UClFSU9_bUb4Rc6OYfTt5SPw,trump,Trump,leader,Direct channel proximity to Trump-centered language.,0.5694006681442261,0.4305993318557739,1,8049,influencer,,UClFSU9_bUb4Rc6OYfTt5SPw,Philip DeFranco,iran_influencers,iran,influencer,3,-0.05599293202612136,0.055992932026162186
iran_influencers::UCnQC_G5Xsjhp9fEJKuIcrSw,trump,Trump,leader,Direct channel proximity to Trump-centered language.,0.5696616172790527,0.43033838272094727,1,1620,influencer,,UCnQC_G5Xsjhp9fEJKuIcrSw,Ben Shapiro,iran_influencers,iran,influencer,3,0.1359296877328606,-0.13592968773281977
iran_influencers::UCt6J-LE3g25VPn530Td8Ttw,trump,Trump,leader,Direct channel proximity to Trump-centered language.,0.567261815071106,0.43273818492889404,1,62,influencer,,UCt6J-LE3g25VPn530Td8Ttw,The Clay Travis & Buck Sexton Show,iran_influencers,iran,influencer,16,-1.6290745417637433,1.6290745417637842
iran_influencers::UCtoaZpBnrd0lhycxYJ4MNOQ,trump,Trump,leader,Direct channel proximity to Trump-centered language.,0.5678364038467407,0.4321635961532593,1,3625,influencer,,UCtoaZpBnrd0lhycxYJ4MNOQ,HasanAbi,iran_influencers,iran,influencer,4,-1.206476539370736,1.2064765393707768
iran_influencers::UCvixJtaXuNdMPUGdOPcY8Ag,trump,Trump,leader,Direct channel proximity to Trump-centered language.,0.5706301927566528,0.42936980724334717,1,2318,influencer,,UCvixJtaXuNdMPUGdOPcY8Ag,David Pakman Show,iran_influencers,iran,influencer,5,0.8482966523476292,-0.8482966523475884
iran_influencers::UCx_2Vso6Qz76n-w5KV8DZcA,trump,Trump,leader,Direct channel proximity to Trump-centered language.,0.5666223168373108,0.4333776831626892,1,488,influencer,,UCx_2Vso6Qz76n-w5KV8DZcA,Allie Beth Stuckey,iran_influencers,iran,influencer,1,-2.0994120902777036,2.0994120902777444
iran_news::UC3ScyryU9Oy9Wse3a8OAmYQ,trump,Trump,leader,Direct channel proximity to Trump-centered language.,0.5698373317718506,0.4301626682281494,1,3773,news,,UC3ScyryU9Oy9Wse3a8OAmYQ,FRONTLINE PBS | Official,iran_news,iran,news,1,0.26516401460574296,-0.2651640146057021
iran_news::UC52X5wxOL_s5yw0dQk7NtgA,trump,Trump,leader,Direct channel proximity to Trump-centered language.,0.570465087890625,0.429534912109375,1,2382,news,,UC52X5wxOL_s5yw0dQk7NtgA,Associated Press,iran_news,iran,news,10,0.7268654836102194,-0.7268654836101786
iran_news::UC8p1vwvWtl6T73JiExfWs1g,trump,Trump,leader,Direct channel proximity to Trump-centered language.,0.5720943212509155,0.4279056787490845,1,940,news,,UC8p1vwvWtl6T73JiExfWs1g,CBS News,iran_news,iran,news,9,1.92513247504284,-1.9251324750427992
iran_news::UC9k-yiEpRHMNVOnOi_aQK8w,trump,Trump,leader,Direct channel proximity to Trump-centered language.,0.5679436922073364,0.4320563077926636,1,77,news,,UC9k-yiEpRHMNVOnOi_aQK8w,Inside Edition,iran_news,iran,news,1,-1.1275681986749462,1.127568198674987
iran_news::UCBi2mrWuNuyYy4gbM6fU18Q,trump,Trump,leader,Direct channel proximity to Trump-centered language.,0.5710147619247437,0.42898523807525635,1,1734,news,,UCBi2mrWuNuyYy4gbM6fU18Q,ABC News,iran_news,iran,news,4,1.1311392157749822,-1.1311392157749414
iran_news::UCBu0KdNokE4MqdkacvH37_A,trump,Trump,leader,Direct channel proximity to Trump-centered language.,0.5707341432571411,0.4292658567428589,1,389,news,,UCBu0KdNokE4MqdkacvH37_A,WFAA,iran_news,iran,news,1,0.9247500668884389,-0.924750066888398
iran_news::UCCXoCcu9Rp7NPbTzIvogpZg,trump,Trump,leader,Direct channel proximity to Trump-centered language.,0.5695663690567017,0.43043363094329834,1,3147,news,,UCCXoCcu9Rp7NPbTzIvogpZg,Fox Business,iran_news,iran,news,8,0.0658766163818206,-0.06587661638177977
iran_news::UCIALMKvObZNtJ6AmdCLP7Lg,trump,Trump,leader,Direct channel proximity to Trump-centered language.,0.5680404901504517,0.43195950984954834,1,89,news,,UCIALMKvObZNtJ6AmdCLP7Lg,Bloomberg Television,iran_news,iran,news,2,-1.0563753401805225,1.0563753401805633
iran_news::UCJg9wBPyKMNA5sRDnvzmkdg,trump,Trump,leader,Direct channel proximity to Trump-centered language.,0.570038378238678,0.429961621761322,1,2841,news,,UCJg9wBPyKMNA5sRDnvzmkdg,LiveNOW from FOX,iran_news,iran,news,8,0.4130294774762423,-0.41302947747620145
iran_news::UCK7tptUDHh-RYDsdxO1-5QQ,trump,Trump,leader,Direct channel proximity to Trump-centered language.,0.5709066987037659,0.42909330129623413,1,357,news,,UCK7tptUDHh-RYDsdxO1-5QQ,The Wall Street Journal,iran_news,iran,news,1,1.0516609815075006,-1.0516609815074598
iran_news::UCLXo7UDZvByw2ixzpQCufnA,trump,Trump,leader,Direct channel proximity to Trump-centered language.,0.5668392181396484,0.43316078186035156,1,24,news,,UCLXo7UDZvByw2ixzpQCufnA,Vox,iran_news,iran,news,1,-1.9398857281710484,1.9398857281710893
iran_news::UCP6HGa63sBC7-KHtkme-p-g,trump,Trump,leader,Direct channel proximity to Trump-centered language.,0.5693075060844421,0.43069249391555786,1,136,news,,UCP6HGa63sBC7-KHtkme-p-g,USA TODAY,iran_news,iran,news,6,-0.1245116745302988,0.12451167453033962
iran_news::UCYI_ychRnL7sJrG6PUSBpQA,trump,Trump,leader,Direct channel proximity to Trump-centered language.,0.5694892406463623,0.4305107593536377,1,350,news,,UCYI_ychRnL7sJrG6PUSBpQA,CBN News,iran_news,iran,news,3,0.009150287014958406,-0.00915028701491758
iran_news::UCZaT_X_mc0BI-djXOlfhqWQ,trump,Trump,leader,Direct channel proximity to Trump-centered language.,0.5694787502288818,0.43052124977111816,1,369,news,,UCZaT_X_mc0BI-djXOlfhqWQ,VICE News,iran_news,iran,news,1,0.0014348048135922973,-0.00143480481355147
iran_news::UCcyq283he07B7_KUX07mmtA,trump,Trump,leader,Direct channel proximity to Trump-centered language.,0.5693134069442749,0.4306865930557251,1,345,news,,UCcyq283he07B7_KUX07mmtA,Business Insider,iran_news,iran,news,1,-0.12017171579203036,0.12017171579207118
iran_news::UCg40OxZ1GYh3u3jBntB6DLg,trump,Trump,leader,Direct channel proximity to Trump-centered language.,0.570807695388794,0.42919230461120605,1,3566,news,,UCg40OxZ1GYh3u3jBntB6DLg,Forbes Breaking News,iran_news,iran,news,24,0.978846118232108,-0.9788461182320672
iran_news::UCrvhNP_lWuPIP6QZzJmM-bw,trump,Trump,leader,Direct channel proximity to Trump-centered language.,0.5683640241622925,0.4316359758377075,1,1718,news,,UCrvhNP_lWuPIP6QZzJmM-bw,New York Post,iran_news,iran,news,1,-0.8184228550156633,0.8184228550157041
iran_news::UCupvZG-5ko_eiXAupbDfxWw,trump,Trump,leader,Direct channel proximity to Trump-centered language.,0.5717287063598633,0.4282712936401367,1,25467,news,,UCupvZG-5ko_eiXAupbDfxWw,CNN,iran_news,iran,news,7,1.65623038513841,-1.656230385138369
iran_news::UCzuqE7-t13O4NIDYJfakrhw,trump,Trump,leader,Direct channel proximity to Trump-centered language.,0.5702114105224609,0.42978858947753906,1,1110,news,,UCzuqE7-t13O4NIDYJfakrhw,Democracy Now!,iran_news,iran,news,3,0.5402910958317299,-0.5402910958316891
iran_influencers::UC-3jIAlnQmbbVMV6gR7K8aQ,biden,Biden,leader,Direct channel proximity to Biden-centered language.,0.6121432781219482,0.38785672187805176,1,5638,influencer,,UC-3jIAlnQmbbVMV6gR7K8aQ,The Majority Report w/ Sam Seder,iran_influencers,iran,influencer,13,-0.5909432334222945,0.5909432334223109
iran_influencers::UC1yBKRuGpC1tSM73A0ZjYjQ,biden,Biden,leader,Direct channel proximity to Biden-centered language.,0.6118375658988953,0.38816243410110474,1,21922,influencer,,UC1yBKRuGpC1tSM73A0ZjYjQ,The Young Turks,iran_influencers,iran,influencer,18,-0.681928497653211,0.6819284976532274
iran_influencers::UCCRNUa9EwvRXMYwUmDi3JtA,biden,Biden,leader,Direct channel proximity to Biden-centered language.,0.6194455027580261,0.3805544972419739,1,100,influencer,,UCCRNUa9EwvRXMYwUmDi3JtA,Chad Prather,iran_influencers,iran,influencer,1,1.582325572620562,-1.5823255726205452
iran_influencers::UCD8YGIxFCnVqv-ZGqgtVWAg,biden,Biden,leader,Direct channel proximity to Biden-centered language.,0.6121008396148682,0.38789916038513184,1,7609,influencer,,UCD8YGIxFCnVqv-ZGqgtVWAg,Erick Stakelbeck on TBN,iran_influencers,iran,influencer,8,-0.6035736697904779,0.6035736697904943
iran_influencers::UCG749Dj4V2fKa143f8sE60Q,biden,Biden,leader,Direct channel proximity to Biden-centered language.,0.6119159460067749,0.3880840539932251,1,1807,influencer,,UCG749Dj4V2fKa143f8sE60Q,Tim Pool,iran_influencers,iran,influencer,1,-0.6586012170012993,0.6586012170013157
iran_influencers::UCJdKr0Bgd_5saZYqLCa9mng,biden,Biden,leader,Direct channel proximity to Biden-centered language.,0.6113976240158081,0.3886023759841919,1,13385,influencer,,UCJdKr0Bgd_5saZYqLCa9mng,The Rubin Report,iran_influencers,iran,influencer,7,-0.8128628387115839,0.8128628387116004
iran_influencers::UCLdP3jmBYe9lAZQbY6OSYjw,biden,Biden,leader,Direct channel proximity to Biden-centered language.,0.6124966144561768,0.38750338554382324,1,15392,influencer,,UCLdP3jmBYe9lAZQbY6OSYjw,Benny Johnson,iran_influencers,iran,influencer,7,-0.48578420703101494,0.48578420703103137
iran_influencers::UCNNTZgxNQuBrhbO0VrG8woA,biden,Biden,leader,Direct channel proximity to Biden-centered language.,0.6152353882789612,0.3847646117210388,1,409,influencer,,UCNNTZgxNQuBrhbO0VrG8woA,No Jumper,iran_influencers,iran,influencer,1,0.3293224231398531,-0.3293224231398365
iran_influencers::UCQANb2YPwAtK-IQJrLaaUFw,biden,Biden,leader,Direct channel proximity to Biden-centered language.,0.6113216280937195,0.3886783719062805,1,2747,influencer,,UCQANb2YPwAtK-IQJrLaaUFw,Brian Tyler Cohen,iran_influencers,iran,influencer,3,-0.8354805442866314,0.8354805442866478
iran_influencers::UCaYw_yJ_YLPEv6zR2c7hgHA,biden,Biden,leader,Direct channel proximity to Biden-centered language.,0.6136574745178223,0.38634252548217773,1,1507,influencer,,UCaYw_yJ_YLPEv6zR2c7hgHA,The Officer Tatum,iran_influencers,iran,influencer,3,-0.14029210210581905,0.14029210210583554
iran_influencers::UCeAACGXB76rAOON6aaY72-Q,biden,Biden,leader,Direct channel proximity to Biden-centered language.,0.6193193197250366,0.3806806802749634,1,91,influencer,,UCeAACGXB76rAOON6aaY72-Q,Keith Olbermann,iran_influencers,iran,influencer,1,1.5447713116775224,-1.5447713116775057
iran_influencers::UCfaIu2jO-fppCQV_lchCRIQ,biden,Biden,leader,Direct channel proximity to Biden-centered language.,0.611172080039978,0.388827919960022,1,737,influencer,,UCfaIu2jO-fppCQV_lchCRIQ,Charlie Kirk,iran_influencers,iran,influencer,1,-0.8799886409829405,0.8799886409829569
iran_influencers::UClFSU9_bUb4Rc6OYfTt5SPw,biden,Biden,leader,Direct channel proximity to Biden-centered language.,0.6125220060348511,0.3874779939651489,1,8049,influencer,,UClFSU9_bUb4Rc6OYfTt5SPw,Philip DeFranco,iran_influencers,iran,influencer,3,-0.47822723246241083,0.47822723246242727
iran_influencers::UCnQC_G5Xsjhp9fEJKuIcrSw,biden,Biden,leader,Direct channel proximity to Biden-centered language.,0.6116427183151245,0.3883572816848755,1,1620,influencer,,UCnQC_G5Xsjhp9fEJKuIcrSw,Ben Shapiro,iran_influencers,iran,influencer,3,-0.7399185208099406,0.739918520809957
iran_influencers::UCt6J-LE3g25VPn530Td8Ttw,biden,Biden,leader,Direct channel proximity to Biden-centered language.,0.620651125907898,0.37934887409210205,1,62,influencer,,UCt6J-LE3g25VPn530Td8Ttw,The Clay Travis & Buck Sexton Show,iran_influencers,iran,influencer,16,1.941139949613884,-1.941139949613867
iran_influencers::UCtoaZpBnrd0lhycxYJ4MNOQ,biden,Biden,leader,Direct channel proximity to Biden-centered language.,0.6116195917129517,0.38838040828704834,1,3625,influencer,,UCtoaZpBnrd0lhycxYJ4MNOQ,HasanAbi,iran_influencers,iran,influencer,4,-0.7468013990555237,0.7468013990555401
iran_influencers::UCvixJtaXuNdMPUGdOPcY8Ag,biden,Biden,leader,Direct channel proximity to Biden-centered language.,0.6112363338470459,0.3887636661529541,1,2318,influencer,,UCvixJtaXuNdMPUGdOPcY8Ag,David Pakman Show,iran_influencers,iran,influencer,5,-0.8608655926614494,0.8608655926614658
iran_influencers::UCx_2Vso6Qz76n-w5KV8DZcA,biden,Biden,leader,Direct channel proximity to Biden-centered language.,0.6119570732116699,0.3880429267883301,1,488,influencer,,UCx_2Vso6Qz76n-w5KV8DZcA,Allie Beth Stuckey,iran_influencers,iran,influencer,1,-0.6463610469253912,0.6463610469254076
iran_news::UC3ScyryU9Oy9Wse3a8OAmYQ,biden,Biden,leader,Direct channel proximity to Biden-centered language.,0.6109426021575928,0.3890573978424072,1,3773,news,,UC3ScyryU9Oy9Wse3a8OAmYQ,FRONTLINE PBS | Official,iran_news,iran,news,1,-0.9482852421311231,0.9482852421311395
iran_news::UC52X5wxOL_s5yw0dQk7NtgA,biden,Biden,leader,Direct channel proximity to Biden-centered language.,0.61164790391922,0.38835209608078003,1,2382,news,,UC52X5wxOL_s5yw0dQk7NtgA,Associated Press,iran_news,iran,news,10,-0.7383751950177608,0.7383751950177773
iran_news::UC8p1vwvWtl6T73JiExfWs1g,biden,Biden,leader,Direct channel proximity to Biden-centered language.,0.6135010719299316,0.38649892807006836,1,940,news,,UC8p1vwvWtl6T73JiExfWs1g,CBS News,iran_news,iran,news,9,-0.18684022714811283,0.18684022714812934
iran_news::UC9k-yiEpRHMNVOnOi_aQK8w,biden,Biden,leader,Direct channel proximity to Biden-centered language.,0.6200608611106873,0.37993913888931274,1,77,news,,UC9k-yiEpRHMNVOnOi_aQK8w,Inside Edition,iran_news,iran,news,1,1.765466899959221,-1.7654668999592042
iran_news::UCBi2mrWuNuyYy4gbM6fU18Q,biden,Biden,leader,Direct channel proximity to Biden-centered language.,0.6104891300201416,0.3895108699798584,1,1734,news,,UCBi2mrWuNuyYy4gbM6fU18Q,ABC News,iran_news,iran,news,4,-1.0832464217507005,1.083246421750717
iran_news::UCBu0KdNokE4MqdkacvH37_A,biden,Biden,leader,Direct channel proximity to Biden-centered language.,0.6157647371292114,0.3842352628707886,1,389,news,,UCBu0KdNokE4MqdkacvH37_A,WFAA,iran_news,iran,news,1,0.4868658295806348,-0.48686582958061825
iran_news::UCCXoCcu9Rp7NPbTzIvogpZg,biden,Biden,leader,Direct channel proximity to Biden-centered language.,0.6123827695846558,0.38761723041534424,1,3147,news,,UCCXoCcu9Rp7NPbTzIvogpZg,Fox Business,iran_news,iran,news,8,-0.5196664169512821,0.5196664169512986
iran_news::UCIALMKvObZNtJ6AmdCLP7Lg,biden,Biden,leader,Direct channel proximity to Biden-centered language.,0.6193739175796509,0.3806260824203491,1,89,news,,UCIALMKvObZNtJ6AmdCLP7Lg,Bloomberg Television,iran_news,iran,news,2,1.5610205809377133,-1.5610205809376967
iran_news::UCJg9wBPyKMNA5sRDnvzmkdg,biden,Biden,leader,Direct channel proximity to Biden-centered language.,0.6115320920944214,0.3884679079055786,1,2841,news,,UCJg9wBPyKMNA5sRDnvzmkdg,LiveNOW from FOX,iran_news,iran,news,8,-0.772842804376441,0.7728428043764575
iran_news::UCK7tptUDHh-RYDsdxO1-5QQ,biden,Biden,leader,Direct channel proximity to Biden-centered language.,0.6176837682723999,0.3823162317276001,1,357,news,,UCK7tptUDHh-RYDsdxO1-5QQ,The Wall Street Journal,iran_news,iran,news,1,1.0580028089486573,-1.0580028089486406
iran_news::UCLXo7UDZvByw2ixzpQCufnA,biden,Biden,leader,Direct channel proximity to Biden-centered language.,0.6224559545516968,0.3775440454483032,1,24,news,,UCLXo7UDZvByw2ixzpQCufnA,Vox,iran_news,iran,news,1,2.4782882828001096,-2.4782882828000927
iran_news::UCP6HGa63sBC7-KHtkme-p-g,biden,Biden,leader,Direct channel proximity to Biden-centered language.,0.6183489561080933,0.38165104389190674,1,136,news,,UCP6HGa63sBC7-KHtkme-p-g,USA TODAY,iran_news,iran,news,6,1.2559742553937787,-1.255974255393762
iran_news::UCYI_ychRnL7sJrG6PUSBpQA,biden,Biden,leader,Direct channel proximity to Biden-centered language.,0.6178226470947266,0.38217735290527344,1,350,news,,UCYI_ychRnL7sJrG6PUSBpQA,CBN News,iran_news,iran,news,3,1.099335557175999,-1.0993355571759824
iran_news::UCZaT_X_mc0BI-djXOlfhqWQ,biden,Biden,leader,Direct channel proximity to Biden-centered language.,0.6146456003189087,0.3853543996810913,1,369,news,,UCZaT_X_mc0BI-djXOlfhqWQ,VICE News,iran_news,iran,news,1,0.15379128850056303,-0.1537912885005465
iran_news::UCcyq283he07B7_KUX07mmtA,biden,Biden,leader,Direct channel proximity to Biden-centered language.,0.6160926818847656,0.3839073181152344,1,345,news,,UCcyq283he07B7_KUX07mmtA,Business Insider,iran_news,iran,news,1,0.5844678814033103,-0.5844678814032936
iran_news::UCg40OxZ1GYh3u3jBntB6DLg,biden,Biden,leader,Direct channel proximity to Biden-centered language.,0.6139401197433472,0.38605988025665283,1,3566,news,,UCg40OxZ1GYh3u3jBntB6DLg,Forbes Breaking News,iran_news,iran,news,24,-0.056171976743564014,0.05617197674358053
iran_news::UCrvhNP_lWuPIP6QZzJmM-bw,biden,Biden,leader,Direct channel proximity to Biden-centered language.,0.6109949350357056,0.38900506496429443,1,1718,news,,UCrvhNP_lWuPIP6QZzJmM-bw,New York Post,iran_news,iran,news,1,-0.9327100691939532,0.9327100691939696
iran_news::UCupvZG-5ko_eiXAupbDfxWw,biden,Biden,leader,Direct channel proximity to Biden-centered language.,0.6124773025512695,0.38752269744873047,1,25467,news,,UCupvZG-5ko_eiXAupbDfxWw,CNN,iran_news,iran,news,7,-0.49153176515361524,0.4915317651536317
iran_news::UCzuqE7-t13O4NIDYJfakrhw,biden,Biden,leader,Direct channel proximity to Biden-centered language.,0.6109386086463928,0.3890613913536072,1,1110,news,,UCzuqE7-t13O4NIDYJfakrhw,Democracy Now!,iran_news,iran,news,3,-0.9494737803848707,0.9494737803848871
iran_influencers::UC-3jIAlnQmbbVMV6gR7K8aQ,war,War,theme,General war framing.,0.33508729934692383,0.6649127006530762,1,5638,influencer,,UC-3jIAlnQmbbVMV6gR7K8aQ,The Majority Report w/ Sam Seder,iran_influencers,iran,influencer,13,-0.14192202810221766,0.14192202810226168
iran_influencers::UC1yBKRuGpC1tSM73A0ZjYjQ,war,War,theme,General war framing.,0.3364969789981842,0.6635030210018158,1,21922,influencer,,UC1yBKRuGpC1tSM73A0ZjYjQ,The Young Turks,iran_influencers,iran,influencer,18,0.9754505831332839,-0.9754505831332402
iran_influencers::UCCRNUa9EwvRXMYwUmDi3JtA,war,War,theme,General war framing.,0.33674120903015137,0.6632587909698486,1,100,influencer,,UCCRNUa9EwvRXMYwUmDi3JtA,Chad Prather,iran_influencers,iran,influencer,1,1.1690377916294032,-1.1690377916293595
iran_influencers::UCD8YGIxFCnVqv-ZGqgtVWAg,war,War,theme,General war framing.,0.3349256217479706,0.6650743782520294,1,7609,influencer,,UCD8YGIxFCnVqv-ZGqgtVWAg,Erick Stakelbeck on TBN,iran_influencers,iran,influencer,8,-0.27007463409263216,0.27007463409267624
iran_influencers::UCG749Dj4V2fKa143f8sE60Q,war,War,theme,General war framing.,0.3355199098587036,0.6644800901412964,1,1807,influencer,,UCG749Dj4V2fKa143f8sE60Q,Tim Pool,iran_influencers,iran,influencer,1,0.20098363614789422,-0.20098363614785025
iran_influencers::UCJdKr0Bgd_5saZYqLCa9mng,war,War,theme,General war framing.,0.3345566689968109,0.6654433310031891,1,13385,influencer,,UCJdKr0Bgd_5saZYqLCa9mng,The Rubin Report,iran_influencers,iran,influencer,7,-0.5625224243527854,0.5625224243528295
iran_influencers::UCLdP3jmBYe9lAZQbY6OSYjw,war,War,theme,General war framing.,0.335654079914093,0.664345920085907,1,15392,influencer,,UCLdP3jmBYe9lAZQbY6OSYjw,Benny Johnson,iran_influencers,iran,influencer,7,0.3073325821698013,-0.3073325821697574
iran_influencers::UCNNTZgxNQuBrhbO0VrG8woA,war,War,theme,General war framing.,0.3342558741569519,0.6657441258430481,1,409,influencer,,UCNNTZgxNQuBrhbO0VrG8woA,No Jumper,iran_influencers,iran,influencer,1,-0.8009453279954128,0.8009453279954569
iran_influencers::UCQANb2YPwAtK-IQJrLaaUFw,war,War,theme,General war framing.,0.33574551343917847,0.6642544865608215,1,2747,influencer,,UCQANb2YPwAtK-IQJrLaaUFw,Brian Tyler Cohen,iran_influencers,iran,influencer,3,0.3798067195299104,-0.37980671952986644
iran_influencers::UCaYw_yJ_YLPEv6zR2c7hgHA,war,War,theme,General war framing.,0.33334025740623474,0.6666597425937653,1,1507,influencer,,UCaYw_yJ_YLPEv6zR2c7hgHA,The Officer Tatum,iran_influencers,iran,influencer,3,-1.5267024734043537,1.5267024734043981
iran_influencers::UCeAACGXB76rAOON6aaY72-Q,war,War,theme,General war framing.,0.33524706959724426,0.6647529304027557,1,91,influencer,,UCeAACGXB76rAOON6aaY72-Q,Keith Olbermann,iran_influencers,iran,influencer,1,-0.015281268523487311,0.015281268523531314
iran_influencers::UCfaIu2jO-fppCQV_lchCRIQ,war,War,theme,General war framing.,0.3321930170059204,0.6678069829940796,1,737,influencer,,UCfaIu2jO-fppCQV_lchCRIQ,Charlie Kirk,iran_influencers,iran,influencer,1,-2.436054467432189,2.4360544674322333
iran_influencers::UClFSU9_bUb4Rc6OYfTt5SPw,war,War,theme,General war framing.,0.3342704176902771,0.6657295823097229,1,8049,influencer,,UClFSU9_bUb4Rc6OYfTt5SPw,Philip DeFranco,iran_influencers,iran,influencer,3,-0.7894174991063212,0.7894174991063653
iran_influencers::UCnQC_G5Xsjhp9fEJKuIcrSw,war,War,theme,General war framing.,0.3355073034763336,0.6644926965236664,1,1620,influencer,,UCnQC_G5Xsjhp9fEJKuIcrSw,Ben Shapiro,iran_influencers,iran,influencer,3,0.19099127627066928,-0.1909912762706253
iran_influencers::UCt6J-LE3g25VPn530Td8Ttw,war,War,theme,General war framing.,0.33523911237716675,0.6647608876228333,1,62,influencer,,UCt6J-LE3g25VPn530Td8Ttw,The Clay Travis & Buck Sexton Show,iran_influencers,iran,influencer,16,-0.021588502772232135,0.02158850277227614
iran_influencers::UCtoaZpBnrd0lhycxYJ4MNOQ,war,War,theme,General war framing.,0.33379071950912476,0.6662092804908752,1,3625,influencer,,UCtoaZpBnrd0lhycxYJ4MNOQ,HasanAbi,iran_influencers,iran,influencer,4,-1.1696468716448856,1.1696468716449298
iran_influencers::UCvixJtaXuNdMPUGdOPcY8Ag,war,War,theme,General war framing.,0.33407604694366455,0.6659239530563354,1,2318,influencer,,UCvixJtaXuNdMPUGdOPcY8Ag,David Pakman Show,iran_influencers,iran,influencer,5,-0.9434840974970093,0.9434840974970535
iran_influencers::UCx_2Vso6Qz76n-w5KV8DZcA,war,War,theme,General war framing.,0.3325924277305603,0.6674075722694397,1,488,influencer,,UCx_2Vso6Qz76n-w5KV8DZcA,Allie Beth Stuckey,iran_influencers,iran,influencer,1,-2.1194643797854544,2.119464379785499
iran_news::UC3ScyryU9Oy9Wse3a8OAmYQ,war,War,theme,General war framing.,0.3355516195297241,0.6644483804702759,1,3773,news,,UC3ScyryU9Oy9Wse3a8OAmYQ,FRONTLINE PBS | Official,iran_news,iran,news,1,0.22611808274214326,-0.2261180827420993
iran_news::UC52X5wxOL_s5yw0dQk7NtgA,war,War,theme,General war framing.,0.3374093770980835,0.6625906229019165,1,2382,news,,UC52X5wxOL_s5yw0dQk7NtgA,Associated Press,iran_news,iran,news,10,1.6986564877225079,-1.6986564877224641
iran_news::UC8p1vwvWtl6T73JiExfWs1g,war,War,theme,General war framing.,0.3370383381843567,0.6629616618156433,1,940,news,,UC8p1vwvWtl6T73JiExfWs1g,CBS News,iran_news,iran,news,9,1.404555115449575,-1.4045551154495313
iran_news::UC9k-yiEpRHMNVOnOi_aQK8w,war,War,theme,General war framing.,0.3355087637901306,0.6644912362098694,1,77,news,,UC9k-yiEpRHMNVOnOi_aQK8w,Inside Edition,iran_news,iran,news,1,0.19214878367961494,-0.19214878367957097
iran_news::UCBi2mrWuNuyYy4gbM6fU18Q,war,War,theme,General war framing.,0.335522323846817,0.664477676153183,1,1734,news,,UCBi2mrWuNuyYy4gbM6fU18Q,ABC News,iran_news,iran,news,4,0.20289706676268196,-0.202897066762638
iran_news::UCBu0KdNokE4MqdkacvH37_A,war,War,theme,General war framing.,0.3372189998626709,0.6627810001373291,1,389,news,,UCBu0KdNokE4MqdkacvH37_A,WFAA,iran_news,iran,news,1,1.5477553177562835,-1.5477553177562398
iran_news::UCCXoCcu9Rp7NPbTzIvogpZg,war,War,theme,General war framing.,0.33559736609458923,0.6644026339054108,1,3147,news,,UCCXoCcu9Rp7NPbTzIvogpZg,Fox Business,iran_news,iran,news,8,0.26237877402238036,-0.2623787740223364
iran_news::UCIALMKvObZNtJ6AmdCLP7Lg,war,War,theme,General war framing.,0.33408719301223755,0.6659128069877625,1,89,news,,UCIALMKvObZNtJ6AmdCLP7Lg,Bloomberg Television,iran_news,iran,news,2,-0.93464924502873,0.9346492450287742
iran_news::UCJg9wBPyKMNA5sRDnvzmkdg,war,War,theme,General war framing.,0.33458563685417175,0.6654143631458282,1,2841,news,,UCJg9wBPyKMNA5sRDnvzmkdg,LiveNOW from FOX,iran_news,iran,news,8,-0.5395612569753324,0.5395612569753765
iran_news::UCK7tptUDHh-RYDsdxO1-5QQ,war,War,theme,General war framing.,0.3378913700580597,0.6621086299419403,1,357,news,,UCK7tptUDHh-RYDsdxO1-5QQ,The Wall Street Journal,iran_news,iran,news,1,2.0807048004751296,-2.080704800475086
iran_news::UCLXo7UDZvByw2ixzpQCufnA,war,War,theme,General war framing.,0.3356701731681824,0.6643298268318176,1,24,news,,UCLXo7UDZvByw2ixzpQCufnA,Vox,iran_news,iran,news,1,0.3200887862683864,-0.3200887862683424
iran_news::UCP6HGa63sBC7-KHtkme-p-g,war,War,theme,General war framing.,0.33582603931427,0.66417396068573,1,136,news,,UCP6HGa63sBC7-KHtkme-p-g,USA TODAY,iran_news,iran,news,6,0.4436349852232007,-0.4436349852231568
iran_news::UCYI_ychRnL7sJrG6PUSBpQA,war,War,theme,General war framing.,0.3349902629852295,0.6650097370147705,1,350,news,,UCYI_ychRnL7sJrG6PUSBpQA,CBN News,iran_news,iran,news,3,-0.21883721429664893,0.21883721429669298
iran_news::UCZaT_X_mc0BI-djXOlfhqWQ,war,War,theme,General war framing.,0.3337888717651367,0.6662111282348633,1,369,news,,UCZaT_X_mc0BI-djXOlfhqWQ,VICE News,iran_news,iran,news,1,-1.1711114728562046,1.1711114728562488
iran_news::UCcyq283he07B7_KUX07mmtA,war,War,theme,General war framing.,0.3362392783164978,0.6637607216835022,1,345,news,,UCcyq283he07B7_KUX07mmtA,Business Insider,iran_news,iran,news,1,0.7711859593546454,-0.7711859593546015
iran_news::UCg40OxZ1GYh3u3jBntB6DLg,war,War,theme,General war framing.,0.3361462950706482,0.6638537049293518,1,3566,news,,UCg40OxZ1GYh3u3jBntB6DLg,Forbes Breaking News,iran_news,iran,news,24,0.6974834467850429,-0.6974834467849991
iran_news::UCrvhNP_lWuPIP6QZzJmM-bw,war,War,theme,General war framing.,0.3342706263065338,0.6657293736934662,1,1718,news,,UCrvhNP_lWuPIP6QZzJmM-bw,New York Post,iran_news,iran,news,1,-0.7892521409050433,0.7892521409050873
iran_news::UCupvZG-5ko_eiXAupbDfxWw,war,War,theme,General war framing.,0.33666864037513733,0.6633313596248627,1,25467,news,,UCupvZG-5ko_eiXAupbDfxWw,CNN,iran_news,iran,news,7,1.1115167601848577,-1.111516760184814
iran_news::UCzuqE7-t13O4NIDYJfakrhw,war,War,theme,General war framing.,0.335604190826416,0.664395809173584,1,1110,news,,UCzuqE7-t13O4NIDYJfakrhw,Democracy Now!,iran_news,iran,news,3,0.2677883494641877,-0.26778834946414376
iran_influencers::UC-3jIAlnQmbbVMV6gR7K8aQ,peace,Peace,theme,General peace and de-escalation framing.,0.4337277412414551,0.5662722587585449,1,5638,influencer,,UC-3jIAlnQmbbVMV6gR7K8aQ,The Majority Report w/ Sam Seder,iran_influencers,iran,influencer,13,-0.7682256218839175,0.7682256218839513
iran_influencers::UC1yBKRuGpC1tSM73A0ZjYjQ,peace,Peace,theme,General peace and de-escalation framing.,0.43529510498046875,0.5647048950195312,1,21922,influencer,,UC1yBKRuGpC1tSM73A0ZjYjQ,The Young Turks,iran_influencers,iran,influencer,18,0.1859869755956421,-0.18598697559560828
iran_influencers::UCCRNUa9EwvRXMYwUmDi3JtA,peace,Peace,theme,General peace and de-escalation framing.,0.4363543391227722,0.5636456608772278,1,100,influencer,,UCCRNUa9EwvRXMYwUmDi3JtA,Chad Prather,iran_influencers,iran,influencer,1,0.8308497710705909,-0.8308497710705571
iran_influencers::UCD8YGIxFCnVqv-ZGqgtVWAg,peace,Peace,theme,General peace and de-escalation framing.,0.4383487105369568,0.5616512894630432,1,7609,influencer,,UCD8YGIxFCnVqv-ZGqgtVWAg,Erick Stakelbeck on TBN,iran_influencers,iran,influencer,8,2.045025064334436,-2.045025064334402
iran_influencers::UCG749Dj4V2fKa143f8sE60Q,peace,Peace,theme,General peace and de-escalation framing.,0.43321824073791504,0.566781759262085,1,1807,influencer,,UCG749Dj4V2fKa143f8sE60Q,Tim Pool,iran_influencers,iran,influencer,1,-1.0784100333250217,1.0784100333250555
iran_influencers::UCJdKr0Bgd_5saZYqLCa9mng,peace,Peace,theme,General peace and de-escalation framing.,0.4335704445838928,0.5664295554161072,1,13385,influencer,,UCJdKr0Bgd_5saZYqLCa9mng,The Rubin Report,iran_influencers,iran,influencer,7,-0.8639879828798316,0.8639879828798654
iran_influencers::UCLdP3jmBYe9lAZQbY6OSYjw,peace,Peace,theme,General peace and de-escalation framing.,0.4355427622795105,0.5644572377204895,1,15392,influencer,,UCLdP3jmBYe9lAZQbY6OSYjw,Benny Johnson,iran_influencers,iran,influencer,7,0.33676098466651105,-0.33676098466647725
iran_influencers::UCNNTZgxNQuBrhbO0VrG8woA,peace,Peace,theme,General peace and de-escalation framing.,0.4334293603897095,0.5665706396102905,1,409,influencer,,UCNNTZgxNQuBrhbO0VrG8woA,No Jumper,iran_influencers,iran,influencer,1,-0.9498801801050415,0.9498801801050752
iran_influencers::UCQANb2YPwAtK-IQJrLaaUFw,peace,Peace,theme,General peace and de-escalation framing.,0.43356966972351074,0.5664303302764893,1,2747,influencer,,UCQANb2YPwAtK-IQJrLaaUFw,Brian Tyler Cohen,iran_influencers,iran,influencer,3,-0.8644597186482844,0.8644597186483182
iran_influencers::UCaYw_yJ_YLPEv6zR2c7hgHA,peace,Peace,theme,General peace and de-escalation framing.,0.43571358919143677,0.5642864108085632,1,1507,influencer,,UCaYw_yJ_YLPEv6zR2c7hgHA,The Officer Tatum,iran_influencers,iran,influencer,3,0.4407605779269468,-0.440760577926913
iran_influencers::UCeAACGXB76rAOON6aaY72-Q,peace,Peace,theme,General peace and de-escalation framing.,0.435178279876709,0.564821720123291,1,91,influencer,,UCeAACGXB76rAOON6aaY72-Q,Keith Olbermann,iran_influencers,iran,influencer,1,0.11486373665968465,-0.11486373665965086
iran_influencers::UCfaIu2jO-fppCQV_lchCRIQ,peace,Peace,theme,General peace and de-escalation framing.,0.43249958753585815,0.5675004124641418,1,737,influencer,,UCfaIu2jO-fppCQV_lchCRIQ,Charlie Kirk,iran_influencers,iran,influencer,1,-1.515926814881572,1.5159268148816059
iran_influencers::UClFSU9_bUb4Rc6OYfTt5SPw,peace,Peace,theme,General peace and de-escalation framing.,0.43310093879699707,0.5668990612030029,1,8049,influencer,,UClFSU9_bUb4Rc6OYfTt5SPw,Philip DeFranco,iran_influencers,iran,influencer,3,-1.1498235711954117,1.1498235711954454
iran_influencers::UCnQC_G5Xsjhp9fEJKuIcrSw,peace,Peace,theme,General peace and de-escalation framing.,0.43370598554611206,0.5662940144538879,1,1620,influencer,,UCnQC_G5Xsjhp9fEJKuIcrSw,Ben Shapiro,iran_influencers,iran,influencer,3,-0.7814705107673994,0.7814705107674331
iran_influencers::UCt6J-LE3g25VPn530Td8Ttw,peace,Peace,theme,General peace and de-escalation framing.,0.4352790117263794,0.5647209882736206,1,62,influencer,,UCt6J-LE3g25VPn530Td8Ttw,The Clay Travis & Buck Sexton Show,iran_influencers,iran,influencer,16,0.1761893865585459,-0.1761893865585121
iran_influencers::UCtoaZpBnrd0lhycxYJ4MNOQ,peace,Peace,theme,General peace and de-escalation framing.,0.4329295754432678,0.5670704245567322,1,3625,influencer,,UCtoaZpBnrd0lhycxYJ4MNOQ,HasanAbi,iran_influencers,iran,influencer,4,-1.2541497507570838,1.2541497507571175
iran_influencers::UCvixJtaXuNdMPUGdOPcY8Ag,peace,Peace,theme,General peace and de-escalation framing.,0.432449609041214,0.567550390958786,1,2318,influencer,,UCvixJtaXuNdMPUGdOPcY8Ag,David Pakman Show,iran_influencers,iran,influencer,5,-1.5463537719467764,1.5463537719468101
iran_influencers::UCx_2Vso6Qz76n-w5KV8DZcA,peace,Peace,theme,General peace and de-escalation framing.,0.43484267592430115,0.5651573240756989,1,488,influencer,,UCx_2Vso6Qz76n-w5KV8DZcA,Allie Beth Stuckey,iran_influencers,iran,influencer,1,-0.08945228213057471,0.0894522821306085
iran_news::UC3ScyryU9Oy9Wse3a8OAmYQ,peace,Peace,theme,General peace and de-escalation framing.,0.4350956976413727,0.5649043023586273,1,3773,news,,UC3ScyryU9Oy9Wse3a8OAmYQ,FRONTLINE PBS | Official,iran_news,iran,news,1,0.06458758995265963,-0.06458758995262584
iran_news::UC52X5wxOL_s5yw0dQk7NtgA,peace,Peace,theme,General peace and de-escalation framing.,0.43763720989227295,0.562362790107727,1,2382,news,,UC52X5wxOL_s5yw0dQk7NtgA,Associated Press,iran_news,iran,news,10,1.6118627667943726,-1.6118627667943386
iran_news::UC8p1vwvWtl6T73JiExfWs1g,peace,Peace,theme,General peace and de-escalation framing.,0.4356556534767151,0.5643443465232849,1,940,news,,UC8p1vwvWtl6T73JiExfWs1g,CBS News,iran_news,iran,news,9,0.4054892573934005,-0.4054892573933667
iran_news::UC9k-yiEpRHMNVOnOi_aQK8w,peace,Peace,theme,General peace and de-escalation framing.,0.4351249933242798,0.5648750066757202,1,77,news,,UC9k-yiEpRHMNVOnOi_aQK8w,Inside Edition,iran_news,iran,news,1,0.08242283073685508,-0.08242283073682129
iran_news::UCBi2mrWuNuyYy4gbM6fU18Q,peace,Peace,theme,General peace and de-escalation framing.,0.4344387948513031,0.5655612051486969,1,1734,news,,UCBi2mrWuNuyYy4gbM6fU18Q,ABC News,iran_news,iran,news,4,-0.3353354795948847,0.3353354795949185
iran_news::UCBu0KdNokE4MqdkacvH37_A,peace,Peace,theme,General peace and de-escalation framing.,0.4367954730987549,0.5632045269012451,1,389,news,,UCBu0KdNokE4MqdkacvH37_A,WFAA,iran_news,iran,news,1,1.0994125727874384,-1.0994125727874045
iran_news::UCCXoCcu9Rp7NPbTzIvogpZg,peace,Peace,theme,General peace and de-escalation framing.,0.4350428879261017,0.5649571120738983,1,3147,news,,UCCXoCcu9Rp7NPbTzIvogpZg,Fox Business,iran_news,iran,news,8,0.03243698296426255,-0.032436982964228755
iran_news::UCIALMKvObZNtJ6AmdCLP7Lg,peace,Peace,theme,General peace and de-escalation framing.,0.4340095520019531,0.5659904479980469,1,89,news,,UCIALMKvObZNtJ6AmdCLP7Lg,Bloomberg Television,iran_news,iran,news,2,-0.5966589516343223,0.596658951634356
iran_news::UCJg9wBPyKMNA5sRDnvzmkdg,peace,Peace,theme,General peace and de-escalation framing.,0.4345299005508423,0.5654700994491577,1,2841,news,,UCJg9wBPyKMNA5sRDnvzmkdg,LiveNOW from FOX,iran_news,iran,news,8,-0.27987023943487915,0.2798702394349129
iran_news::UCK7tptUDHh-RYDsdxO1-5QQ,peace,Peace,theme,General peace and de-escalation framing.,0.437305212020874,0.562694787979126,1,357,news,,UCK7tptUDHh-RYDsdxO1-5QQ,The Wall Street Journal,iran_news,iran,news,1,1.4097421336957587,-1.409742133695725
iran_news::UCLXo7UDZvByw2ixzpQCufnA,peace,Peace,theme,General peace and de-escalation framing.,0.4350394904613495,0.5649605095386505,1,24,news,,UCLXo7UDZvByw2ixzpQCufnA,Vox,iran_news,iran,news,1,0.03036860305643113,-0.030368603056397336
iran_news::UCP6HGa63sBC7-KHtkme-p-g,peace,Peace,theme,General peace and de-escalation framing.,0.43529507517814636,0.5647049248218536,1,136,news,,UCP6HGa63sBC7-KHtkme-p-g,USA TODAY,iran_news,iran,news,6,0.18596883191224006,-0.18596883191220626
iran_news::UCYI_ychRnL7sJrG6PUSBpQA,peace,Peace,theme,General peace and de-escalation framing.,0.4400952160358429,0.5599047839641571,1,350,news,,UCYI_ychRnL7sJrG6PUSBpQA,CBN News,iran_news,iran,news,3,3.108299342743597,-3.1082993427435635
iran_news::UCZaT_X_mc0BI-djXOlfhqWQ,peace,Peace,theme,General peace and de-escalation framing.,0.433948278427124,0.566051721572876,1,369,news,,UCZaT_X_mc0BI-djXOlfhqWQ,VICE News,iran_news,iran,news,1,-0.6339623647088958,0.6339623647089296
iran_news::UCcyq283he07B7_KUX07mmtA,peace,Peace,theme,General peace and de-escalation framing.,0.4371916651725769,0.5628083348274231,1,345,news,,UCcyq283he07B7_KUX07mmtA,Business Insider,iran_news,iran,news,1,1.3406146999340245,-1.3406146999339907
iran_news::UCg40OxZ1GYh3u3jBntB6DLg,peace,Peace,theme,General peace and de-escalation framing.,0.4351256489753723,0.5648743510246277,1,3566,news,,UCg40OxZ1GYh3u3jBntB6DLg,Forbes Breaking News,iran_news,iran,news,24,0.08282199177169974,-0.08282199177166595
iran_news::UCrvhNP_lWuPIP6QZzJmM-bw,peace,Peace,theme,General peace and de-escalation framing.,0.43338143825531006,0.5666185617446899,1,1718,news,,UCrvhNP_lWuPIP6QZzJmM-bw,New York Post,iran_news,iran,news,1,-0.9790552230155056,0.9790552230155394
iran_news::UCupvZG-5ko_eiXAupbDfxWw,peace,Peace,theme,General peace and de-escalation framing.,0.43499425053596497,0.565005749464035,1,25467,news,,UCupvZG-5ko_eiXAupbDfxWw,CNN,iran_news,iran,news,7,0.0028264916521496554,-0.00282649165211586
iran_news::UCzuqE7-t13O4NIDYJfakrhw,peace,Peace,theme,General peace and de-escalation framing.,0.43515342473983765,0.5648465752601624,1,1110,news,,UCzuqE7-t13O4NIDYJfakrhw,Democracy Now!,iran_news,iran,news,3,0.09973190470239167,-0.09973190470235786
iran_influencers::UC-3jIAlnQmbbVMV6gR7K8aQ,iran,Iran,country,Direct proximity to Iran-related language.,0.5964697599411011,0.4035302400588989,1,5638,influencer,,UC-3jIAlnQmbbVMV6gR7K8aQ,The Majority Report w/ Sam Seder,iran_influencers,iran,influencer,13,-0.13276727298360325,0.13276727298360325
iran_influencers::UC1yBKRuGpC1tSM73A0ZjYjQ,iran,Iran,country,Direct proximity to Iran-related language.,0.5972959995269775,0.40270400047302246,1,21922,influencer,,UC1yBKRuGpC1tSM73A0ZjYjQ,The Young Turks,iran_influencers,iran,influencer,18,0.2540007459053906,-0.2540007459053906
iran_influencers::UCCRNUa9EwvRXMYwUmDi3JtA,iran,Iran,country,Direct proximity to Iran-related language.,0.5989676713943481,0.40103232860565186,1,100,influencer,,UCCRNUa9EwvRXMYwUmDi3JtA,Chad Prather,iran_influencers,iran,influencer,1,1.0365210068894277,-1.0365210068894277
iran_influencers::UCD8YGIxFCnVqv-ZGqgtVWAg,iran,Iran,country,Direct proximity to Iran-related language.,0.5978255867958069,0.4021744132041931,1,7609,influencer,,UCD8YGIxFCnVqv-ZGqgtVWAg,Erick Stakelbeck on TBN,iran_influencers,iran,influencer,8,0.5019039235008826,-0.5019039235008826
iran_influencers::UCG749Dj4V2fKa143f8sE60Q,iran,Iran,country,Direct proximity to Iran-related language.,0.5935260057449341,0.4064739942550659,1,1807,influencer,,UCG749Dj4V2fKa143f8sE60Q,Tim Pool,iran_influencers,iran,influencer,1,-1.510757383854302,1.510757383854302
iran_influencers::UCJdKr0Bgd_5saZYqLCa9mng,iran,Iran,country,Direct proximity to Iran-related language.,0.5948605537414551,0.4051394462585449,1,13385,influencer,,UCJdKr0Bgd_5saZYqLCa9mng,The Rubin Report,iran_influencers,iran,influencer,7,-0.8860469565765231,0.8860469565765231
iran_influencers::UCLdP3jmBYe9lAZQbY6OSYjw,iran,Iran,country,Direct proximity to Iran-related language.,0.5967546701431274,0.40324532985687256,1,15392,influencer,,UCLdP3jmBYe9lAZQbY6OSYjw,Benny Johnson,iran_influencers,iran,influencer,7,0.0006010093919118736,-0.0006010093919118736
iran_influencers::UCNNTZgxNQuBrhbO0VrG8woA,iran,Iran,country,Direct proximity to Iran-related language.,0.5930981636047363,0.40690183639526367,1,409,influencer,,UCNNTZgxNQuBrhbO0VrG8woA,No Jumper,iran_influencers,iran,influencer,1,-1.7110330179320108,1.7110330179320108
iran_influencers::UCQANb2YPwAtK-IQJrLaaUFw,iran,Iran,country,Direct proximity to Iran-related language.,0.5963379740715027,0.4036620259284973,1,2747,influencer,,UCQANb2YPwAtK-IQJrLaaUFw,Brian Tyler Cohen,iran_influencers,iran,influencer,3,-0.19445707891085512,0.19445707891085512
iran_influencers::UCaYw_yJ_YLPEv6zR2c7hgHA,iran,Iran,country,Direct proximity to Iran-related language.,0.5947277545928955,0.4052722454071045,1,1507,influencer,,UCaYw_yJ_YLPEv6zR2c7hgHA,The Officer Tatum,iran_influencers,iran,influencer,3,-0.9482110848469515,0.9482110848469515
iran_influencers::UCeAACGXB76rAOON6aaY72-Q,iran,Iran,country,Direct proximity to Iran-related language.,0.5974609851837158,0.4025390148162842,1,91,influencer,,UCeAACGXB76rAOON6aaY72-Q,Keith Olbermann,iran_influencers,iran,influencer,1,0.33123158390024954,-0.33123158390024954
iran_influencers::UCfaIu2jO-fppCQV_lchCRIQ,iran,Iran,country,Direct proximity to Iran-related language.,0.5922927856445312,0.40770721435546875,1,737,influencer,,UCfaIu2jO-fppCQV_lchCRIQ,Charlie Kirk,iran_influencers,iran,influencer,1,-2.088035576814429,2.088035576814429
iran_influencers::UClFSU9_bUb4Rc6OYfTt5SPw,iran,Iran,country,Direct proximity to Iran-related language.,0.5934051275253296,0.4065948724746704,1,8049,influencer,,UClFSU9_bUb4Rc6OYfTt5SPw,Philip DeFranco,iran_influencers,iran,influencer,3,-1.5673412492638303,1.5673412492638303
iran_influencers::UCnQC_G5Xsjhp9fEJKuIcrSw,iran,Iran,country,Direct proximity to Iran-related language.,0.5939874649047852,0.40601253509521484,1,1620,influencer,,UCnQC_G5Xsjhp9fEJKuIcrSw,Ben Shapiro,iran_influencers,iran,influencer,3,-1.2947454085088548,1.2947454085088548
iran_influencers::UCt6J-LE3g25VPn530Td8Ttw,iran,Iran,country,Direct proximity to Iran-related language.,0.5968518853187561,0.4031481146812439,1,62,influencer,,UCt6J-LE3g25VPn530Td8Ttw,The Clay Travis & Buck Sexton Show,iran_influencers,iran,influencer,16,0.04610805302255312,-0.04610805302255312
iran_influencers::UCtoaZpBnrd0lhycxYJ4MNOQ,iran,Iran,country,Direct proximity to Iran-related language.,0.5952655076980591,0.4047344923019409,1,3625,influencer,,UCtoaZpBnrd0lhycxYJ4MNOQ,HasanAbi,iran_influencers,iran,influencer,4,-0.6964854271917429,0.6964854271917429
iran_influencers::UCvixJtaXuNdMPUGdOPcY8Ag,iran,Iran,country,Direct proximity to Iran-related language.,0.5952569246292114,0.4047430753707886,1,2318,influencer,,UCvixJtaXuNdMPUGdOPcY8Ag,David Pakman Show,iran_influencers,iran,influencer,5,-0.7005032164515911,0.7005032164515911
iran_influencers::UCx_2Vso6Qz76n-w5KV8DZcA,iran,Iran,country,Direct proximity to Iran-related language.,0.5918898582458496,0.4081101417541504,1,488,influencer,,UCx_2Vso6Qz76n-w5KV8DZcA,Allie Beth Stuckey,iran_influencers,iran,influencer,1,-2.2766484615128566,2.2766484615128566
iran_news::UC3ScyryU9Oy9Wse3a8OAmYQ,iran,Iran,country,Direct proximity to Iran-related language.,0.5977123975753784,0.4022876024246216,1,3773,news,,UC3ScyryU9Oy9Wse3a8OAmYQ,FRONTLINE PBS | Official,iran_news,iran,news,1,0.44891932763663506,-0.44891932763663506
iran_news::UC52X5wxOL_s5yw0dQk7NtgA,iran,Iran,country,Direct proximity to Iran-related language.,0.5982012748718262,0.40179872512817383,1,2382,news,,UC52X5wxOL_s5yw0dQk7NtgA,Associated Press,iran_news,iran,news,10,0.6777659075621528,-0.6777659075621528
iran_news::UC8p1vwvWtl6T73JiExfWs1g,iran,Iran,country,Direct proximity to Iran-related language.,0.5970373153686523,0.40296268463134766,1,940,news,,UC8p1vwvWtl6T73JiExfWs1g,CBS News,iran_news,iran,news,9,0.13290904182385596,-0.13290904182385596
iran_news::UC9k-yiEpRHMNVOnOi_aQK8w,iran,Iran,country,Direct proximity to Iran-related language.,0.5983677506446838,0.40163224935531616,1,77,news,,UC9k-yiEpRHMNVOnOi_aQK8w,Inside Edition,iran_news,iran,news,1,0.7556942784146243,-0.7556942784146243
iran_news::UCBi2mrWuNuyYy4gbM6fU18Q,iran,Iran,country,Direct proximity to Iran-related language.,0.5990554094314575,0.4009445905685425,1,1734,news,,UCBi2mrWuNuyYy4gbM6fU18Q,ABC News,iran_news,iran,news,4,1.0775917415456533,-1.0775917415456533
iran_news::UCBu0KdNokE4MqdkacvH37_A,iran,Iran,country,Direct proximity to Iran-related language.,0.5993573665618896,0.40064263343811035,1,389,news,,UCBu0KdNokE4MqdkacvH37_A,WFAA,iran_news,iran,news,1,1.2189397998122555,-1.2189397998122555
iran_news::UCCXoCcu9Rp7NPbTzIvogpZg,iran,Iran,country,Direct proximity to Iran-related language.,0.5974603295326233,0.4025396704673767,1,3147,news,,UCCXoCcu9Rp7NPbTzIvogpZg,Fox Business,iran_news,iran,news,8,0.33092466944290005,-0.33092466944290005
iran_news::UCIALMKvObZNtJ6AmdCLP7Lg,iran,Iran,country,Direct proximity to Iran-related language.,0.5978045463562012,0.40219545364379883,1,89,news,,UCIALMKvObZNtJ6AmdCLP7Lg,Bloomberg Television,iran_news,iran,news,2,0.4920547595513937,-0.4920547595513937
iran_news::UCJg9wBPyKMNA5sRDnvzmkdg,iran,Iran,country,Direct proximity to Iran-related language.,0.5965113043785095,0.4034886956214905,1,2841,news,,UCJg9wBPyKMNA5sRDnvzmkdg,LiveNOW from FOX,iran_news,iran,news,8,-0.113320056913366,0.113320056913366
iran_news::UCK7tptUDHh-RYDsdxO1-5QQ,iran,Iran,country,Direct proximity to Iran-related language.,0.6007213592529297,0.3992786407470703,1,357,news,,UCK7tptUDHh-RYDsdxO1-5QQ,The Wall Street Journal,iran_news,iran,news,1,1.8574334763564582,-1.8574334763564582
iran_news::UCLXo7UDZvByw2ixzpQCufnA,iran,Iran,country,Direct proximity to Iran-related language.,0.5965770483016968,0.4034229516983032,1,24,news,,UCLXo7UDZvByw2ixzpQCufnA,Vox,iran_news,iran,news,1,-0.08254490723550131,0.08254490723550131
iran_news::UCP6HGa63sBC7-KHtkme-p-g,iran,Iran,country,Direct proximity to Iran-related language.,0.5988907217979431,0.4011092782020569,1,136,news,,UCP6HGa63sBC7-KHtkme-p-g,USA TODAY,iran_news,iran,news,6,1.0005004101223167,-1.0005004101223167
iran_news::UCYI_ychRnL7sJrG6PUSBpQA,iran,Iran,country,Direct proximity to Iran-related language.,0.5993725061416626,0.4006274938583374,1,350,news,,UCYI_ychRnL7sJrG6PUSBpQA,CBN News,iran_news,iran,news,3,1.226026733645599,-1.226026733645599
iran_news::UCZaT_X_mc0BI-djXOlfhqWQ,iran,Iran,country,Direct proximity to Iran-related language.,0.5971003770828247,0.4028996229171753,1,369,news,,UCZaT_X_mc0BI-djXOlfhqWQ,VICE News,iran_news,iran,news,1,0.16242863235801808,-0.16242863235801808
iran_news::UCcyq283he07B7_KUX07mmtA,iran,Iran,country,Direct proximity to Iran-related language.,0.5988003015518188,0.40119969844818115,1,345,news,,UCcyq283he07B7_KUX07mmtA,Business Insider,iran_news,iran,news,1,0.9581741163223886,-0.9581741163223886
iran_news::UCg40OxZ1GYh3u3jBntB6DLg,iran,Iran,country,Direct proximity to Iran-related language.,0.5971068143844604,0.40289318561553955,1,3566,news,,UCg40OxZ1GYh3u3jBntB6DLg,Forbes Breaking News,iran_news,iran,news,24,0.1654419743029042,-0.1654419743029042
iran_news::UCrvhNP_lWuPIP6QZzJmM-bw,iran,Iran,country,Direct proximity to Iran-related language.,0.5956887006759644,0.40431129932403564,1,1718,news,,UCrvhNP_lWuPIP6QZzJmM-bw,New York Post,iran_news,iran,news,1,-0.49838609562978525,0.49838609562978525
iran_news::UCupvZG-5ko_eiXAupbDfxWw,iran,Iran,country,Direct proximity to Iran-related language.,0.5998741388320923,0.4001258611679077,1,25467,news,,UCupvZG-5ko_eiXAupbDfxWw,CNN,iran_news,iran,news,7,1.46084419483228,-1.46084419483228
iran_news::UCzuqE7-t13O4NIDYJfakrhw,iran,Iran,country,Direct proximity to Iran-related language.,0.5979609489440918,0.4020390510559082,1,1110,news,,UCzuqE7-t13O4NIDYJfakrhw,Democracy Now!,iran_news,iran,news,3,0.5652678082864045,-0.5652678082864045
iran_influencers::UC-3jIAlnQmbbVMV6gR7K8aQ,israel,Israel,country,Direct proximity to Israel-related language.,0.53792804479599,0.46207195520401,1,5638,influencer,,UC-3jIAlnQmbbVMV6gR7K8aQ,The Majority Report w/ Sam Seder,iran_influencers,iran,influencer,13,-0.016675072858498285,0.016675072858498285
iran_influencers::UC1yBKRuGpC1tSM73A0ZjYjQ,israel,Israel,country,Direct proximity to Israel-related language.,0.5386831164360046,0.46131688356399536,1,21922,influencer,,UC1yBKRuGpC1tSM73A0ZjYjQ,The Young Turks,iran_influencers,iran,influencer,18,0.42136076472144823,-0.42136076472144823
iran_influencers::UCCRNUa9EwvRXMYwUmDi3JtA,israel,Israel,country,Direct proximity to Israel-related language.,0.5397249460220337,0.4602750539779663,1,100,influencer,,UCCRNUa9EwvRXMYwUmDi3JtA,Chad Prather,iran_influencers,iran,influencer,1,1.0257520186731286,-1.0257520186731286
iran_influencers::UCD8YGIxFCnVqv-ZGqgtVWAg,israel,Israel,country,Direct proximity to Israel-related language.,0.5402591228485107,0.45974087715148926,1,7609,influencer,,UCD8YGIxFCnVqv-ZGqgtVWAg,Erick Stakelbeck on TBN,iran_influencers,iran,influencer,8,1.3356412810974638,-1.3356412810974638
iran_influencers::UCG749Dj4V2fKa143f8sE60Q,israel,Israel,country,Direct proximity to Israel-related language.,0.5351830720901489,0.4648169279098511,1,1807,influencer,,UCG749Dj4V2fKa143f8sE60Q,Tim Pool,iran_influencers,iran,influencer,1,-1.6091020090812074,1.6091020090812074
iran_influencers::UCJdKr0Bgd_5saZYqLCa9mng,israel,Israel,country,Direct proximity to Israel-related language.,0.5360799431800842,0.46392005681991577,1,13385,influencer,,UCJdKr0Bgd_5saZYqLCa9mng,The Rubin Report,iran_influencers,iran,influencer,7,-1.088804783941844,1.088804783941844
iran_influencers::UCLdP3jmBYe9lAZQbY6OSYjw,israel,Israel,country,Direct proximity to Israel-related language.,0.5380754470825195,0.46192455291748047,1,15392,influencer,,UCLdP3jmBYe9lAZQbY6OSYjw,Benny Johnson,iran_influencers,iran,influencer,7,0.06883665956455254,-0.06883665956455254
iran_influencers::UCNNTZgxNQuBrhbO0VrG8woA,israel,Israel,country,Direct proximity to Israel-related language.,0.5358524322509766,0.46414756774902344,1,409,influencer,,UCNNTZgxNQuBrhbO0VrG8woA,No Jumper,iran_influencers,iran,influencer,1,-1.2207895322874909,1.2207895322874909
iran_influencers::UCQANb2YPwAtK-IQJrLaaUFw,israel,Israel,country,Direct proximity to Israel-related language.,0.5387479662895203,0.46125203371047974,1,2747,influencer,,UCQANb2YPwAtK-IQJrLaaUFw,Brian Tyler Cohen,iran_influencers,iran,influencer,3,0.458981777611169,-0.458981777611169
iran_influencers::UCaYw_yJ_YLPEv6zR2c7hgHA,israel,Israel,country,Direct proximity to Israel-related language.,0.5381678938865662,0.46183210611343384,1,1507,influencer,,UCaYw_yJ_YLPEv6zR2c7hgHA,The Officer Tatum,iran_influencers,iran,influencer,3,0.12246734981451284,-0.12246734981451284
iran_influencers::UCeAACGXB76rAOON6aaY72-Q,israel,Israel,country,Direct proximity to Israel-related language.,0.537938117980957,0.46206188201904297,1,91,influencer,,UCeAACGXB76rAOON6aaY72-Q,Keith Olbermann,iran_influencers,iran,influencer,1,-0.010831367731326595,0.010831367731326595
iran_influencers::UCfaIu2jO-fppCQV_lchCRIQ,israel,Israel,country,Direct proximity to Israel-related language.,0.533973753452301,0.466026246547699,1,737,influencer,,UCfaIu2jO-fppCQV_lchCRIQ,Charlie Kirk,iran_influencers,iran,influencer,1,-2.3106578275734346,2.3106578275734346
iran_influencers::UClFSU9_bUb4Rc6OYfTt5SPw,israel,Israel,country,Direct proximity to Israel-related language.,0.5352748036384583,0.46472519636154175,1,8049,influencer,,UClFSU9_bUb4Rc6OYfTt5SPw,Philip DeFranco,iran_influencers,iran,influencer,3,-1.555886256473413,1.555886256473413
iran_influencers::UCnQC_G5Xsjhp9fEJKuIcrSw,israel,Israel,country,Direct proximity to Israel-related language.,0.5359509587287903,0.4640490412712097,1,1620,influencer,,UCnQC_G5Xsjhp9fEJKuIcrSw,Ben Shapiro,iran_influencers,iran,influencer,3,-1.1636318720791192,1.1636318720791192
iran_influencers::UCt6J-LE3g25VPn530Td8Ttw,israel,Israel,country,Direct proximity to Israel-related language.,0.5375496745109558,0.4624503254890442,1,62,influencer,,UCt6J-LE3g25VPn530Td8Ttw,The Clay Travis & Buck Sexton Show,iran_influencers,iran,influencer,16,-0.23617708556433192,0.23617708556433192
iran_influencers::UCtoaZpBnrd0lhycxYJ4MNOQ,israel,Israel,country,Direct proximity to Israel-related language.,0.535280704498291,0.464719295501709,1,3625,influencer,,UCtoaZpBnrd0lhycxYJ4MNOQ,HasanAbi,iran_influencers,iran,influencer,4,-1.5524630209255432,1.5524630209255432
iran_influencers::UCvixJtaXuNdMPUGdOPcY8Ag,israel,Israel,country,Direct proximity to Israel-related language.,0.5368101596832275,0.46318984031677246,1,2318,influencer,,UCvixJtaXuNdMPUGdOPcY8Ag,David Pakman Show,iran_influencers,iran,influencer,5,-0.6651880294271671,0.6651880294271671
iran_influencers::UCx_2Vso6Qz76n-w5KV8DZcA,israel,Israel,country,Direct proximity to Israel-related language.,0.5380351543426514,0.46196484565734863,1,488,influencer,,UCx_2Vso6Qz76n-w5KV8DZcA,Allie Beth Stuckey,iran_influencers,iran,influencer,1,0.04546183905586578,-0.04546183905586578
iran_news::UC3ScyryU9Oy9Wse3a8OAmYQ,israel,Israel,country,Direct proximity to Israel-related language.,0.5381811857223511,0.4618188142776489,1,3773,news,,UC3ScyryU9Oy9Wse3a8OAmYQ,FRONTLINE PBS | Official,iran_news,iran,news,1,0.1301782743314317,-0.1301782743314317
iran_news::UC52X5wxOL_s5yw0dQk7NtgA,israel,Israel,country,Direct proximity to Israel-related language.,0.5380344390869141,0.46196556091308594,1,2382,news,,UC52X5wxOL_s5yw0dQk7NtgA,Associated Press,iran_news,iran,news,10,0.04504690141369974,-0.04504690141369974
iran_news::UC8p1vwvWtl6T73JiExfWs1g,israel,Israel,country,Direct proximity to Israel-related language.,0.5381696820259094,0.4618303179740906,1,940,news,,UC8p1vwvWtl6T73JiExfWs1g,CBS News,iran_news,iran,news,9,0.12350469391992792,-0.12350469391992792
iran_news::UC9k-yiEpRHMNVOnOi_aQK8w,israel,Israel,country,Direct proximity to Israel-related language.,0.5379961729049683,0.46200382709503174,1,77,news,,UC9k-yiEpRHMNVOnOi_aQK8w,Inside Edition,iran_news,iran,news,1,0.022847737557816755,-0.022847737557816755
iran_news::UCBi2mrWuNuyYy4gbM6fU18Q,israel,Israel,country,Direct proximity to Israel-related language.,0.54020756483078,0.45979243516921997,1,1734,news,,UCBi2mrWuNuyYy4gbM6fU18Q,ABC News,iran_news,iran,news,4,1.305731192724662,-1.305731192724662
iran_news::UCBu0KdNokE4MqdkacvH37_A,israel,Israel,country,Direct proximity to Israel-related language.,0.5397027134895325,0.46029728651046753,1,389,news,,UCBu0KdNokE4MqdkacvH37_A,WFAA,iran_news,iran,news,1,1.0128543736291342,-1.0128543736291342
iran_news::UCCXoCcu9Rp7NPbTzIvogpZg,israel,Israel,country,Direct proximity to Israel-related language.,0.536859393119812,0.463140606880188,1,3147,news,,UCCXoCcu9Rp7NPbTzIvogpZg,Fox Business,iran_news,iran,news,8,-0.6366264883914049,0.6366264883914049
iran_news::UCIALMKvObZNtJ6AmdCLP7Lg,israel,Israel,country,Direct proximity to Israel-related language.,0.5379571914672852,0.46204280853271484,1,89,news,,UCIALMKvObZNtJ6AmdCLP7Lg,Bloomberg Television,iran_news,iran,news,2,0.00023363605976772973,-0.00023363605976772973
iran_news::UCJg9wBPyKMNA5sRDnvzmkdg,israel,Israel,country,Direct proximity to Israel-related language.,0.537541925907135,0.462458074092865,1,2841,news,,UCJg9wBPyKMNA5sRDnvzmkdg,LiveNOW from FOX,iran_news,iran,news,8,-0.240672243354464,0.240672243354464
iran_news::UCK7tptUDHh-RYDsdxO1-5QQ,israel,Israel,country,Direct proximity to Israel-related language.,0.5398584604263306,0.46014153957366943,1,357,news,,UCK7tptUDHh-RYDsdxO1-5QQ,The Wall Street Journal,iran_news,iran,news,1,1.1032070452107887,-1.1032070452107887
iran_news::UCLXo7UDZvByw2ixzpQCufnA,israel,Israel,country,Direct proximity to Israel-related language.,0.5372640490531921,0.46273595094680786,1,24,news,,UCLXo7UDZvByw2ixzpQCufnA,Vox,iran_news,iran,news,1,-0.40187551733596943,0.40187551733596943
iran_news::UCP6HGa63sBC7-KHtkme-p-g,israel,Israel,country,Direct proximity to Israel-related language.,0.5398555397987366,0.4601444602012634,1,136,news,,UCP6HGa63sBC7-KHtkme-p-g,USA TODAY,iran_news,iran,news,6,1.1015127165052774,-1.1015127165052774
iran_news::UCYI_ychRnL7sJrG6PUSBpQA,israel,Israel,country,Direct proximity to Israel-related language.,0.5424602627754211,0.45753973722457886,1,350,news,,UCYI_ychRnL7sJrG6PUSBpQA,CBN News,iran_news,iran,news,3,2.612577296726596,-2.612577296726596
iran_news::UCZaT_X_mc0BI-djXOlfhqWQ,israel,Israel,country,Direct proximity to Israel-related language.,0.5386995673179626,0.46130043268203735,1,369,news,,UCZaT_X_mc0BI-djXOlfhqWQ,VICE News,iran_news,iran,news,1,0.43090433049126714,-0.43090433049126714
iran_news::UCcyq283he07B7_KUX07mmtA,israel,Israel,country,Direct proximity to Israel-related language.,0.5401695966720581,0.4598304033279419,1,345,news,,UCcyq283he07B7_KUX07mmtA,Business Insider,iran_news,iran,news,1,1.283704919553015,-1.283704919553015
iran_news::UCg40OxZ1GYh3u3jBntB6DLg,israel,Israel,country,Direct proximity to Israel-related language.,0.5383833646774292,0.4616166353225708,1,3566,news,,UCg40OxZ1GYh3u3jBntB6DLg,Forbes Breaking News,iran_news,iran,news,24,0.24746731451703152,-0.24746731451703152
iran_news::UCrvhNP_lWuPIP6QZzJmM-bw,israel,Israel,country,Direct proximity to Israel-related language.,0.5360668897628784,0.4639331102371216,1,1718,news,,UCrvhNP_lWuPIP6QZzJmM-bw,New York Post,iran_news,iran,news,1,-1.096377395911374,1.096377395911374
iran_news::UCupvZG-5ko_eiXAupbDfxWw,israel,Israel,country,Direct proximity to Israel-related language.,0.5394189357757568,0.46058106422424316,1,25467,news,,UCupvZG-5ko_eiXAupbDfxWw,CNN,iran_news,iran,news,7,0.8482278640997589,-0.8482278640997589
iran_news::UCzuqE7-t13O4NIDYJfakrhw,israel,Israel,country,Direct proximity to Israel-related language.,0.5380589365959167,0.46194106340408325,1,1110,news,,UCzuqE7-t13O4NIDYJfakrhw,Democracy Now!,iran_news,iran,news,3,0.059258515657886514,-0.059258515657886514
iran_influencers::UC-3jIAlnQmbbVMV6gR7K8aQ,taliban,Taliban,actor,Direct proximity to Taliban-related language.,0.6729756593704224,0.32702434062957764,1,5638,influencer,,UC-3jIAlnQmbbVMV6gR7K8aQ,The Majority Report w/ Sam Seder,iran_influencers,iran,influencer,13,-0.7158336741678527,0.7158336741678663
iran_influencers::UC1yBKRuGpC1tSM73A0ZjYjQ,taliban,Taliban,actor,Direct proximity to Taliban-related language.,0.6742820739746094,0.3257179260253906,1,21922,influencer,,UC1yBKRuGpC1tSM73A0ZjYjQ,The Young Turks,iran_influencers,iran,influencer,18,-0.4002246226175707,0.40022462261758424
iran_influencers::UCCRNUa9EwvRXMYwUmDi3JtA,taliban,Taliban,actor,Direct proximity to Taliban-related language.,0.6821808815002441,0.31781911849975586,1,100,influencer,,UCCRNUa9EwvRXMYwUmDi3JtA,Chad Prather,iran_influencers,iran,influencer,1,1.5080020181089269,-1.5080020181089138
iran_influencers::UCD8YGIxFCnVqv-ZGqgtVWAg,taliban,Taliban,actor,Direct proximity to Taliban-related language.,0.6745834350585938,0.32541656494140625,1,7609,influencer,,UCD8YGIxFCnVqv-ZGqgtVWAg,Erick Stakelbeck on TBN,iran_influencers,iran,influencer,8,-0.3274205636414677,0.3274205636414812
iran_influencers::UCG749Dj4V2fKa143f8sE60Q,taliban,Taliban,actor,Direct proximity to Taliban-related language.,0.6716465353965759,0.3283534646034241,1,1807,influencer,,UCG749Dj4V2fKa143f8sE60Q,Tim Pool,iran_influencers,iran,influencer,1,-1.0369289493079084,1.036928949307922
iran_influencers::UCJdKr0Bgd_5saZYqLCa9mng,taliban,Taliban,actor,Direct proximity to Taliban-related language.,0.6730715036392212,0.3269284963607788,1,13385,influencer,,UCJdKr0Bgd_5saZYqLCa9mng,The Rubin Report,iran_influencers,iran,influencer,7,-0.6926792187023516,0.6926792187023652
iran_influencers::UCLdP3jmBYe9lAZQbY6OSYjw,taliban,Taliban,actor,Direct proximity to Taliban-related language.,0.6743651032447815,0.3256348967552185,1,15392,influencer,,UCLdP3jmBYe9lAZQbY6OSYjw,Benny Johnson,iran_influencers,iran,influencer,7,-0.3801660676029917,0.3801660676030052
iran_influencers::UCNNTZgxNQuBrhbO0VrG8woA,taliban,Taliban,actor,Direct proximity to Taliban-related language.,0.6757757663726807,0.32422423362731934,1,409,influencer,,UCNNTZgxNQuBrhbO0VrG8woA,No Jumper,iran_influencers,iran,influencer,1,-0.039372225872882895,0.039372225872896315
iran_influencers::UCQANb2YPwAtK-IQJrLaaUFw,taliban,Taliban,actor,Direct proximity to Taliban-related language.,0.6726464033126831,0.3273535966873169,1,2747,influencer,,UCQANb2YPwAtK-IQJrLaaUFw,Brian Tyler Cohen,iran_influencers,iran,influencer,3,-0.7953767164510792,0.7953767164510928
iran_influencers::UCaYw_yJ_YLPEv6zR2c7hgHA,taliban,Taliban,actor,Direct proximity to Taliban-related language.,0.673578679561615,0.326421320438385,1,1507,influencer,,UCaYw_yJ_YLPEv6zR2c7hgHA,The Officer Tatum,iran_influencers,iran,influencer,3,-0.5701535585307416,0.5701535585307551
iran_influencers::UCeAACGXB76rAOON6aaY72-Q,taliban,Taliban,actor,Direct proximity to Taliban-related language.,0.6826924085617065,0.31730759143829346,1,91,influencer,,UCeAACGXB76rAOON6aaY72-Q,Keith Olbermann,iran_influencers,iran,influencer,1,1.6315788444801524,-1.6315788444801393
iran_influencers::UCfaIu2jO-fppCQV_lchCRIQ,taliban,Taliban,actor,Direct proximity to Taliban-related language.,0.670623779296875,0.329376220703125,1,737,influencer,,UCfaIu2jO-fppCQV_lchCRIQ,Charlie Kirk,iran_influencers,iran,influencer,1,-1.2840106043654542,1.2840106043654678
iran_influencers::UClFSU9_bUb4Rc6OYfTt5SPw,taliban,Taliban,actor,Direct proximity to Taliban-related language.,0.6716039180755615,0.3283960819244385,1,8049,influencer,,UClFSU9_bUb4Rc6OYfTt5SPw,Philip DeFranco,iran_influencers,iran,influencer,3,-1.047224618249347,1.0472246182493605
iran_influencers::UCnQC_G5Xsjhp9fEJKuIcrSw,taliban,Taliban,actor,Direct proximity to Taliban-related language.,0.6722170114517212,0.3277829885482788,1,1620,influencer,,UCnQC_G5Xsjhp9fEJKuIcrSw,Ben Shapiro,iran_influencers,iran,influencer,3,-0.8991109808624412,0.8991109808624548
iran_influencers::UCt6J-LE3g25VPn530Td8Ttw,taliban,Taliban,actor,Direct proximity to Taliban-related language.,0.683287501335144,0.31671249866485596,1,62,influencer,,UCt6J-LE3g25VPn530Td8Ttw,The Clay Travis & Buck Sexton Show,iran_influencers,iran,influencer,16,1.7753438216987862,-1.7753438216987731
iran_influencers::UCtoaZpBnrd0lhycxYJ4MNOQ,taliban,Taliban,actor,Direct proximity to Taliban-related language.,0.673869252204895,0.326130747795105,1,3625,influencer,,UCtoaZpBnrd0lhycxYJ4MNOQ,HasanAbi,iran_influencers,iran,influencer,4,-0.4999558157482055,0.499955815748219
iran_influencers::UCvixJtaXuNdMPUGdOPcY8Ag,taliban,Taliban,actor,Direct proximity to Taliban-related language.,0.6734973192214966,0.3265026807785034,1,2318,influencer,,UCvixJtaXuNdMPUGdOPcY8Ag,David Pakman Show,iran_influencers,iran,influencer,5,-0.5898089265098516,0.5898089265098652
iran_influencers::UCx_2Vso6Qz76n-w5KV8DZcA,taliban,Taliban,actor,Direct proximity to Taliban-related language.,0.6706815958023071,0.32931840419769287,1,488,influencer,,UCx_2Vso6Qz76n-w5KV8DZcA,Allie Beth Stuckey,iran_influencers,iran,influencer,1,-1.270043053493852,1.2700430534938658
iran_news::UC3ScyryU9Oy9Wse3a8OAmYQ,taliban,Taliban,actor,Direct proximity to Taliban-related language.,0.6730862259864807,0.3269137740135193,1,3773,news,,UC3ScyryU9Oy9Wse3a8OAmYQ,FRONTLINE PBS | Official,iran_news,iran,news,1,-0.6891225330680365,0.68912253306805
iran_news::UC52X5wxOL_s5yw0dQk7NtgA,taliban,Taliban,actor,Direct proximity to Taliban-related language.,0.6732780933380127,0.3267219066619873,1,2382,news,,UC52X5wxOL_s5yw0dQk7NtgA,Associated Press,iran_news,iran,news,10,-0.6427704235260912,0.6427704235261047
iran_news::UC8p1vwvWtl6T73JiExfWs1g,taliban,Taliban,actor,Direct proximity to Taliban-related language.,0.6737954616546631,0.3262045383453369,1,940,news,,UC8p1vwvWtl6T73JiExfWs1g,CBS News,iran_news,iran,news,9,-0.5177824425307244,0.5177824425307379
iran_news::UC9k-yiEpRHMNVOnOi_aQK8w,taliban,Taliban,actor,Direct proximity to Taliban-related language.,0.6831538677215576,0.3168461322784424,1,77,news,,UC9k-yiEpRHMNVOnOi_aQK8w,Inside Edition,iran_news,iran,news,1,1.74306005978731,-1.7430600597872972
iran_news::UCBi2mrWuNuyYy4gbM6fU18Q,taliban,Taliban,actor,Direct proximity to Taliban-related language.,0.6739901304244995,0.3260098695755005,1,1734,news,,UCBi2mrWuNuyYy4gbM6fU18Q,ABC News,iran_news,iran,news,4,-0.4707535547506705,0.47075355475068403
iran_news::UCBu0KdNokE4MqdkacvH37_A,taliban,Taliban,actor,Direct proximity to Taliban-related language.,0.6778251528739929,0.3221748471260071,1,389,news,,UCBu0KdNokE4MqdkacvH37_A,WFAA,iran_news,iran,news,1,0.4557270541459759,-0.4557270541459626
iran_news::UCCXoCcu9Rp7NPbTzIvogpZg,taliban,Taliban,actor,Direct proximity to Taliban-related language.,0.6742402911186218,0.3257597088813782,1,3147,news,,UCCXoCcu9Rp7NPbTzIvogpZg,Fox Business,iran_news,iran,news,8,-0.41031869804127485,0.41031869804128834
iran_news::UCIALMKvObZNtJ6AmdCLP7Lg,taliban,Taliban,actor,Direct proximity to Taliban-related language.,0.6824487447738647,0.31755125522613525,1,89,news,,UCIALMKvObZNtJ6AmdCLP7Lg,Bloomberg Television,iran_news,iran,news,2,1.5727135373016894,-1.5727135373016763
iran_news::UCJg9wBPyKMNA5sRDnvzmkdg,taliban,Taliban,actor,Direct proximity to Taliban-related language.,0.6727536916732788,0.3272463083267212,1,2841,news,,UCJg9wBPyKMNA5sRDnvzmkdg,LiveNOW from FOX,iran_news,iran,news,8,-0.7694575498852197,0.7694575498852333
iran_news::UCK7tptUDHh-RYDsdxO1-5QQ,taliban,Taliban,actor,Direct proximity to Taliban-related language.,0.6813018918037415,0.31869810819625854,1,357,news,,UCK7tptUDHh-RYDsdxO1-5QQ,The Wall Street Journal,iran_news,iran,news,1,1.2956520462496328,-1.2956520462496195
iran_news::UCLXo7UDZvByw2ixzpQCufnA,taliban,Taliban,actor,Direct proximity to Taliban-related language.,0.6851616501808167,0.31483834981918335,1,24,news,,UCLXo7UDZvByw2ixzpQCufnA,Vox,iran_news,iran,news,1,2.228108462993408,-2.228108462993395
iran_news::UCP6HGa63sBC7-KHtkme-p-g,taliban,Taliban,actor,Direct proximity to Taliban-related language.,0.6820037364959717,0.3179962635040283,1,136,news,,UCP6HGa63sBC7-KHtkme-p-g,USA TODAY,iran_news,iran,news,6,1.4652065942012966,-1.4652065942012835
iran_news::UCYI_ychRnL7sJrG6PUSBpQA,taliban,Taliban,actor,Direct proximity to Taliban-related language.,0.6800359487533569,0.31996405124664307,1,350,news,,UCYI_ychRnL7sJrG6PUSBpQA,CBN News,iran_news,iran,news,3,0.9898202803094721,-0.9898202803094589
iran_news::UCZaT_X_mc0BI-djXOlfhqWQ,taliban,Taliban,actor,Direct proximity to Taliban-related language.,0.6779986023902893,0.3220013976097107,1,369,news,,UCZaT_X_mc0BI-djXOlfhqWQ,VICE News,iran_news,iran,news,1,0.497629706760782,-0.49762970676076873
iran_news::UCcyq283he07B7_KUX07mmtA,taliban,Taliban,actor,Direct proximity to Taliban-related language.,0.6794434785842896,0.32055652141571045,1,345,news,,UCcyq283he07B7_KUX07mmtA,Business Insider,iran_news,iran,news,1,0.8466888827180038,-0.8466888827179906
iran_news::UCg40OxZ1GYh3u3jBntB6DLg,taliban,Taliban,actor,Direct proximity to Taliban-related language.,0.6751601099967957,0.32483989000320435,1,3566,news,,UCg40OxZ1GYh3u3jBntB6DLg,Forbes Breaking News,iran_news,iran,news,24,-0.1881050433499731,0.18810504334998654
iran_news::UCrvhNP_lWuPIP6QZzJmM-bw,taliban,Taliban,actor,Direct proximity to Taliban-related language.,0.6733363270759583,0.32666367292404175,1,1718,news,,UCrvhNP_lWuPIP6QZzJmM-bw,New York Post,iran_news,iran,news,1,-0.6287020758956219,0.6287020758956354
iran_news::UCupvZG-5ko_eiXAupbDfxWw,taliban,Taliban,actor,Direct proximity to Taliban-related language.,0.6730490922927856,0.32695090770721436,1,25467,news,,UCupvZG-5ko_eiXAupbDfxWw,CNN,iran_news,iran,news,7,-0.69809344460722,0.6980934446072335
iran_news::UCzuqE7-t13O4NIDYJfakrhw,taliban,Taliban,actor,Direct proximity to Taliban-related language.,0.6740921139717102,0.3259078860282898,1,1110,news,,UCzuqE7-t13O4NIDYJfakrhw,Democracy Now!,iran_news,iran,news,3,-0.446115946976123,0.4461159469761365
iran_influencers::UC-3jIAlnQmbbVMV6gR7K8aQ,nato,NATO,institution,Direct proximity to NATO-related language.,0.62775719165802,0.37224280834198,1,5638,influencer,,UC-3jIAlnQmbbVMV6gR7K8aQ,The Majority Report w/ Sam Seder,iran_influencers,iran,influencer,13,-0.27106012713269295,0.27106012713269295
iran_influencers::UC1yBKRuGpC1tSM73A0ZjYjQ,nato,NATO,institution,Direct proximity to NATO-related language.,0.6264880895614624,0.3735119104385376,1,21922,influencer,,UC1yBKRuGpC1tSM73A0ZjYjQ,The Young Turks,iran_influencers,iran,influencer,18,-0.7641689438263823,0.7641689438263823
iran_influencers::UCCRNUa9EwvRXMYwUmDi3JtA,nato,NATO,institution,Direct proximity to NATO-related language.,0.631875216960907,0.368124783039093,1,100,influencer,,UCCRNUa9EwvRXMYwUmDi3JtA,Chad Prather,iran_influencers,iran,influencer,1,1.3289959989498878,-1.3289959989498878
iran_influencers::UCD8YGIxFCnVqv-ZGqgtVWAg,nato,NATO,institution,Direct proximity to NATO-related language.,0.6267377138137817,0.37326228618621826,1,7609,influencer,,UCD8YGIxFCnVqv-ZGqgtVWAg,Erick Stakelbeck on TBN,iran_influencers,iran,influencer,8,-0.6671775985176668,0.6671775985176668
iran_influencers::UCG749Dj4V2fKa143f8sE60Q,nato,NATO,institution,Direct proximity to NATO-related language.,0.6268386244773865,0.3731613755226135,1,1807,influencer,,UCG749Dj4V2fKa143f8sE60Q,Tim Pool,iran_influencers,iran,influencer,1,-0.6279688240172715,0.6279688240172715
iran_influencers::UCJdKr0Bgd_5saZYqLCa9mng,nato,NATO,institution,Direct proximity to NATO-related language.,0.6266620755195618,0.37333792448043823,1,13385,influencer,,UCJdKr0Bgd_5saZYqLCa9mng,The Rubin Report,iran_influencers,iran,influencer,7,-0.6965668098827003,0.6965668098827003
iran_influencers::UCLdP3jmBYe9lAZQbY6OSYjw,nato,NATO,institution,Direct proximity to NATO-related language.,0.6280419230461121,0.37195807695388794,1,15392,influencer,,UCLdP3jmBYe9lAZQbY6OSYjw,Benny Johnson,iran_influencers,iran,influencer,7,-0.16042792643075068,0.16042792643075068
iran_influencers::UCNNTZgxNQuBrhbO0VrG8woA,nato,NATO,institution,Direct proximity to NATO-related language.,0.6256850361824036,0.37431496381759644,1,409,influencer,,UCNNTZgxNQuBrhbO0VrG8woA,No Jumper,iran_influencers,iran,influencer,1,-1.0761948261913117,1.0761948261913117
iran_influencers::UCQANb2YPwAtK-IQJrLaaUFw,nato,NATO,institution,Direct proximity to NATO-related language.,0.6258878111839294,0.37411218881607056,1,2747,influencer,,UCQANb2YPwAtK-IQJrLaaUFw,Brian Tyler Cohen,iran_influencers,iran,influencer,3,-0.9974067276382435,0.9974067276382435
iran_influencers::UCaYw_yJ_YLPEv6zR2c7hgHA,nato,NATO,institution,Direct proximity to NATO-related language.,0.626549243927002,0.37345075607299805,1,1507,influencer,,UCaYw_yJ_YLPEv6zR2c7hgHA,The Officer Tatum,iran_influencers,iran,influencer,3,-0.740407453786568,0.740407453786568
iran_influencers::UCeAACGXB76rAOON6aaY72-Q,nato,NATO,institution,Direct proximity to NATO-related language.,0.631860613822937,0.368139386177063,1,91,influencer,,UCeAACGXB76rAOON6aaY72-Q,Keith Olbermann,iran_influencers,iran,influencer,1,1.323321958930634,-1.323321958930634
iran_influencers::UCfaIu2jO-fppCQV_lchCRIQ,nato,NATO,institution,Direct proximity to NATO-related language.,0.6246494650840759,0.3753505349159241,1,737,influencer,,UCfaIu2jO-fppCQV_lchCRIQ,Charlie Kirk,iran_influencers,iran,influencer,1,-1.4785653212709735,1.4785653212709735
iran_influencers::UClFSU9_bUb4Rc6OYfTt5SPw,nato,NATO,institution,Direct proximity to NATO-related language.,0.6262821555137634,0.3737178444862366,1,8049,influencer,,UClFSU9_bUb4Rc6OYfTt5SPw,Philip DeFranco,iran_influencers,iran,influencer,3,-0.8441844877713709,0.8441844877713709
iran_influencers::UCnQC_G5Xsjhp9fEJKuIcrSw,nato,NATO,institution,Direct proximity to NATO-related language.,0.6258013248443604,0.37419867515563965,1,1620,influencer,,UCnQC_G5Xsjhp9fEJKuIcrSw,Ben Shapiro,iran_influencers,iran,influencer,3,-1.0310109401604368,1.0310109401604368
iran_influencers::UCt6J-LE3g25VPn530Td8Ttw,nato,NATO,institution,Direct proximity to NATO-related language.,0.6327553987503052,0.3672446012496948,1,62,influencer,,UCt6J-LE3g25VPn530Td8Ttw,The Clay Travis & Buck Sexton Show,iran_influencers,iran,influencer,16,1.6709900763552847,-1.6709900763552847
iran_influencers::UCtoaZpBnrd0lhycxYJ4MNOQ,nato,NATO,institution,Direct proximity to NATO-related language.,0.626922607421875,0.373077392578125,1,3625,influencer,,UCtoaZpBnrd0lhycxYJ4MNOQ,HasanAbi,iran_influencers,iran,influencer,4,-0.5953373040698073,0.5953373040698073
iran_influencers::UCvixJtaXuNdMPUGdOPcY8Ag,nato,NATO,institution,Direct proximity to NATO-related language.,0.6256367564201355,0.3743632435798645,1,2318,influencer,,UCvixJtaXuNdMPUGdOPcY8Ag,David Pakman Show,iran_influencers,iran,influencer,5,-1.0949538972753756,1.0949538972753756
iran_influencers::UCx_2Vso6Qz76n-w5KV8DZcA,nato,NATO,institution,Direct proximity to NATO-related language.,0.6245776414871216,0.3754223585128784,1,488,influencer,,UCx_2Vso6Qz76n-w5KV8DZcA,Allie Beth Stuckey,iran_influencers,iran,influencer,1,-1.5064723344268958,1.5064723344268958
iran_news::UC3ScyryU9Oy9Wse3a8OAmYQ,nato,NATO,institution,Direct proximity to NATO-related language.,0.6264762282371521,0.3735237717628479,1,3773,news,,UC3ScyryU9Oy9Wse3a8OAmYQ,FRONTLINE PBS | Official,iran_news,iran,news,1,-0.7687776538828376,0.7687776538828376
iran_news::UC52X5wxOL_s5yw0dQk7NtgA,nato,NATO,institution,Direct proximity to NATO-related language.,0.6276253461837769,0.37237465381622314,1,2382,news,,UC52X5wxOL_s5yw0dQk7NtgA,Associated Press,iran_news,iran,news,10,-0.3222886027350995,0.3222886027350995
iran_news::UC8p1vwvWtl6T73JiExfWs1g,nato,NATO,institution,Direct proximity to NATO-related language.,0.6280420422554016,0.3719579577445984,1,940,news,,UC8p1vwvWtl6T73JiExfWs1g,CBS News,iran_news,iran,news,9,-0.16038160773671595,0.16038160773671595
iran_news::UC9k-yiEpRHMNVOnOi_aQK8w,nato,NATO,institution,Direct proximity to NATO-related language.,0.6328418850898743,0.36715811491012573,1,77,news,,UC9k-yiEpRHMNVOnOi_aQK8w,Inside Edition,iran_news,iran,news,1,1.704594288877478,-1.704594288877478
iran_news::UCBi2mrWuNuyYy4gbM6fU18Q,nato,NATO,institution,Direct proximity to NATO-related language.,0.628172755241394,0.37182724475860596,1,1734,news,,UCBi2mrWuNuyYy4gbM6fU18Q,ABC News,iran_news,iran,news,4,-0.10959315972763926,0.10959315972763926
iran_news::UCBu0KdNokE4MqdkacvH37_A,nato,NATO,institution,Direct proximity to NATO-related language.,0.6303677558898926,0.3696322441101074,1,389,news,,UCBu0KdNokE4MqdkacvH37_A,WFAA,iran_news,iran,news,1,0.7432729535337644,-0.7432729535337644
iran_news::UCCXoCcu9Rp7NPbTzIvogpZg,nato,NATO,institution,Direct proximity to NATO-related language.,0.6271554827690125,0.37284451723098755,1,3147,news,,UCCXoCcu9Rp7NPbTzIvogpZg,Fox Business,iran_news,iran,news,8,-0.5048537352729707,0.5048537352729707
iran_news::UCIALMKvObZNtJ6AmdCLP7Lg,nato,NATO,institution,Direct proximity to NATO-related language.,0.6326920986175537,0.3673079013824463,1,89,news,,UCIALMKvObZNtJ6AmdCLP7Lg,Bloomberg Television,iran_news,iran,news,2,1.6463948498228453,-1.6463948498228453
iran_news::UCJg9wBPyKMNA5sRDnvzmkdg,nato,NATO,institution,Direct proximity to NATO-related language.,0.6269761323928833,0.3730238676071167,1,2841,news,,UCJg9wBPyKMNA5sRDnvzmkdg,LiveNOW from FOX,iran_news,iran,news,8,-0.5745402104482155,0.5745402104482155
iran_news::UCK7tptUDHh-RYDsdxO1-5QQ,nato,NATO,institution,Direct proximity to NATO-related language.,0.6323815584182739,0.3676184415817261,1,357,news,,UCK7tptUDHh-RYDsdxO1-5QQ,The Wall Street Journal,iran_news,iran,news,1,1.525734651862385,-1.525734651862385
iran_news::UCLXo7UDZvByw2ixzpQCufnA,nato,NATO,institution,Direct proximity to NATO-related language.,0.6338319182395935,0.3661680817604065,1,24,news,,UCLXo7UDZvByw2ixzpQCufnA,Vox,iran_news,iran,news,1,2.089271042835875,-2.089271042835875
iran_news::UCP6HGa63sBC7-KHtkme-p-g,nato,NATO,institution,Direct proximity to NATO-related language.,0.6320293545722961,0.36797064542770386,1,136,news,,UCP6HGa63sBC7-KHtkme-p-g,USA TODAY,iran_news,iran,news,6,1.388886070336788,-1.388886070336788
iran_news::UCYI_ychRnL7sJrG6PUSBpQA,nato,NATO,institution,Direct proximity to NATO-related language.,0.6309188604354858,0.36908113956451416,1,350,news,,UCYI_ychRnL7sJrG6PUSBpQA,CBN News,iran_news,iran,news,3,0.9574042760563012,-0.9574042760563012
iran_news::UCZaT_X_mc0BI-djXOlfhqWQ,nato,NATO,institution,Direct proximity to NATO-related language.,0.6284875869750977,0.37151241302490234,1,369,news,,UCZaT_X_mc0BI-djXOlfhqWQ,VICE News,iran_news,iran,news,1,0.012734511218071218,-0.012734511218071218
iran_news::UCcyq283he07B7_KUX07mmtA,nato,NATO,institution,Direct proximity to NATO-related language.,0.6311354041099548,0.36886459589004517,1,345,news,,UCcyq283he07B7_KUX07mmtA,Business Insider,iran_news,iran,news,1,1.0415421837703802,-1.0415421837703802
iran_news::UCg40OxZ1GYh3u3jBntB6DLg,nato,NATO,institution,Direct proximity to NATO-related language.,0.6283313632011414,0.37166863679885864,1,3566,news,,UCg40OxZ1GYh3u3jBntB6DLg,Forbes Breaking News,iran_news,iran,news,24,-0.04796613731443677,0.04796613731443677
iran_news::UCrvhNP_lWuPIP6QZzJmM-bw,nato,NATO,institution,Direct proximity to NATO-related language.,0.6284306049346924,0.3715693950653076,1,1718,news,,UCrvhNP_lWuPIP6QZzJmM-bw,New York Post,iran_news,iran,news,1,-0.00940582453052765,0.00940582453052765
iran_news::UCupvZG-5ko_eiXAupbDfxWw,nato,NATO,institution,Direct proximity to NATO-related language.,0.6281522512435913,0.3718477487564087,1,25467,news,,UCupvZG-5ko_eiXAupbDfxWw,CNN,iran_news,iran,news,7,-0.11755997510161208,0.11755997510161208
iran_news::UCzuqE7-t13O4NIDYJfakrhw,nato,NATO,institution,Direct proximity to NATO-related language.,0.6277705430984497,0.3722294569015503,1,1110,news,,UCzuqE7-t13O4NIDYJfakrhw,Democracy Now!,iran_news,iran,news,3,-0.26587243340080363,0.26587243340080363
iran_influencers::UC-3jIAlnQmbbVMV6gR7K8aQ,sanctions,Sanctions,policy,General sanctions framing.,0.7011377811431885,0.2988622188568115,1,5638,influencer,,UC-3jIAlnQmbbVMV6gR7K8aQ,The Majority Report w/ Sam Seder,iran_influencers,iran,influencer,13,-0.19369513069222571,0.19369513069224192
iran_influencers::UC1yBKRuGpC1tSM73A0ZjYjQ,sanctions,Sanctions,policy,General sanctions framing.,0.7000506520271301,0.2999493479728699,1,21922,influencer,,UC1yBKRuGpC1tSM73A0ZjYjQ,The Young Turks,iran_influencers,iran,influencer,18,-0.5111111058886594,0.5111111058886756
iran_influencers::UCCRNUa9EwvRXMYwUmDi3JtA,sanctions,Sanctions,policy,General sanctions framing.,0.706343412399292,0.293656587600708,1,100,influencer,,UCCRNUa9EwvRXMYwUmDi3JtA,Chad Prather,iran_influencers,iran,influencer,1,1.3262260058698516,-1.3262260058698354
iran_influencers::UCD8YGIxFCnVqv-ZGqgtVWAg,sanctions,Sanctions,policy,General sanctions framing.,0.7003004550933838,0.2996995449066162,1,7609,influencer,,UCD8YGIxFCnVqv-ZGqgtVWAg,Erick Stakelbeck on TBN,iran_influencers,iran,influencer,8,-0.43817452208207713,0.43817452208209334
iran_influencers::UCG749Dj4V2fKa143f8sE60Q,sanctions,Sanctions,policy,General sanctions framing.,0.6978048086166382,0.3021951913833618,1,1807,influencer,,UCG749Dj4V2fKa143f8sE60Q,Tim Pool,iran_influencers,iran,influencer,1,-1.1668442343182017,1.166844234318218
iran_influencers::UCJdKr0Bgd_5saZYqLCa9mng,sanctions,Sanctions,policy,General sanctions framing.,0.699326753616333,0.300673246383667,1,13385,influencer,,UCJdKr0Bgd_5saZYqLCa9mng,The Rubin Report,iran_influencers,iran,influencer,7,-0.7224723109306401,0.7224723109306563
iran_influencers::UCLdP3jmBYe9lAZQbY6OSYjw,sanctions,Sanctions,policy,General sanctions framing.,0.6992919445037842,0.3007080554962158,1,15392,influencer,,UCLdP3jmBYe9lAZQbY6OSYjw,Benny Johnson,iran_influencers,iran,influencer,7,-0.7326357480442274,0.7326357480442436
iran_influencers::UCNNTZgxNQuBrhbO0VrG8woA,sanctions,Sanctions,policy,General sanctions framing.,0.6991169452667236,0.30088305473327637,1,409,influencer,,UCNNTZgxNQuBrhbO0VrG8woA,No Jumper,iran_influencers,iran,influencer,1,-0.7837313839440425,0.7837313839440587
iran_influencers::UCQANb2YPwAtK-IQJrLaaUFw,sanctions,Sanctions,policy,General sanctions framing.,0.6997297406196594,0.3002702593803406,1,2747,influencer,,UCQANb2YPwAtK-IQJrLaaUFw,Brian Tyler Cohen,iran_influencers,iran,influencer,3,-0.6048096425659771,0.6048096425659933
iran_influencers::UCaYw_yJ_YLPEv6zR2c7hgHA,sanctions,Sanctions,policy,General sanctions framing.,0.6985494494438171,0.30145055055618286,1,1507,influencer,,UCaYw_yJ_YLPEv6zR2c7hgHA,The Officer Tatum,iran_influencers,iran,influencer,3,-0.9494267345578505,0.9494267345578667
iran_influencers::UCeAACGXB76rAOON6aaY72-Q,sanctions,Sanctions,policy,General sanctions framing.,0.7072505950927734,0.29274940490722656,1,91,influencer,,UCeAACGXB76rAOON6aaY72-Q,Keith Olbermann,iran_influencers,iran,influencer,1,1.5911018840698472,-1.591101884069831
iran_influencers::UCfaIu2jO-fppCQV_lchCRIQ,sanctions,Sanctions,policy,General sanctions framing.,0.6965092420578003,0.3034907579421997,1,737,influencer,,UCfaIu2jO-fppCQV_lchCRIQ,Charlie Kirk,iran_influencers,iran,influencer,1,-1.5451190101759615,1.5451190101759777
iran_influencers::UClFSU9_bUb4Rc6OYfTt5SPw,sanctions,Sanctions,policy,General sanctions framing.,0.6978487372398376,0.30215126276016235,1,8049,influencer,,UClFSU9_bUb4Rc6OYfTt5SPw,Philip DeFranco,iran_influencers,iran,influencer,3,-1.1540181159060205,1.1540181159060368
iran_influencers::UCnQC_G5Xsjhp9fEJKuIcrSw,sanctions,Sanctions,policy,General sanctions framing.,0.698310911655426,0.301689088344574,1,1620,influencer,,UCnQC_G5Xsjhp9fEJKuIcrSw,Ben Shapiro,iran_influencers,iran,influencer,3,-1.019074123819111,1.0190741238191272
iran_influencers::UCt6J-LE3g25VPn530Td8Ttw,sanctions,Sanctions,policy,General sanctions framing.,0.7079384922981262,0.2920615077018738,1,62,influencer,,UCt6J-LE3g25VPn530Td8Ttw,The Clay Travis & Buck Sexton Show,iran_influencers,iran,influencer,16,1.791951589083392,-1.7919515890833757
iran_influencers::UCtoaZpBnrd0lhycxYJ4MNOQ,sanctions,Sanctions,policy,General sanctions framing.,0.6995677947998047,0.3004322052001953,1,3625,influencer,,UCtoaZpBnrd0lhycxYJ4MNOQ,HasanAbi,iran_influencers,iran,influencer,4,-0.6520939895481971,0.6520939895482133
iran_influencers::UCvixJtaXuNdMPUGdOPcY8Ag,sanctions,Sanctions,policy,General sanctions framing.,0.7001773118972778,0.29982268810272217,1,2318,influencer,,UCvixJtaXuNdMPUGdOPcY8Ag,David Pakman Show,iran_influencers,iran,influencer,5,-0.4741294211859662,0.4741294211859824
iran_influencers::UCx_2Vso6Qz76n-w5KV8DZcA,sanctions,Sanctions,policy,General sanctions framing.,0.698436975479126,0.301563024520874,1,488,influencer,,UCx_2Vso6Qz76n-w5KV8DZcA,Allie Beth Stuckey,iran_influencers,iran,influencer,1,-0.9822664705738421,0.9822664705738583
iran_news::UC3ScyryU9Oy9Wse3a8OAmYQ,sanctions,Sanctions,policy,General sanctions framing.,0.6998698711395264,0.30013012886047363,1,3773,news,,UC3ScyryU9Oy9Wse3a8OAmYQ,FRONTLINE PBS | Official,iran_news,iran,news,1,-0.5638948469254916,0.5638948469255078
iran_news::UC52X5wxOL_s5yw0dQk7NtgA,sanctions,Sanctions,policy,General sanctions framing.,0.7002415657043457,0.2997584342956543,1,2382,news,,UC52X5wxOL_s5yw0dQk7NtgA,Associated Press,iran_news,iran,news,10,-0.4553688300756117,0.4553688300756279
iran_news::UC8p1vwvWtl6T73JiExfWs1g,sanctions,Sanctions,policy,General sanctions framing.,0.7009555101394653,0.29904448986053467,1,940,news,,UC8p1vwvWtl6T73JiExfWs1g,CBS News,iran_news,iran,news,9,-0.24691395037261907,0.24691395037263528
iran_news::UC9k-yiEpRHMNVOnOi_aQK8w,sanctions,Sanctions,policy,General sanctions framing.,0.7080436944961548,0.2919563055038452,1,77,news,,UC9k-yiEpRHMNVOnOi_aQK8w,Inside Edition,iran_news,iran,news,1,1.8226681413188053,-1.822668141318789
iran_news::UCBi2mrWuNuyYy4gbM6fU18Q,sanctions,Sanctions,policy,General sanctions framing.,0.7000579833984375,0.2999420166015625,1,1734,news,,UCBi2mrWuNuyYy4gbM6fU18Q,ABC News,iran_news,iran,news,4,-0.5089705189623388,0.508970518962355
iran_news::UCBu0KdNokE4MqdkacvH37_A,sanctions,Sanctions,policy,General sanctions framing.,0.7044458389282227,0.29555416107177734,1,389,news,,UCBu0KdNokE4MqdkacvH37_A,WFAA,iran_news,iran,news,1,0.7721794580134088,-0.7721794580133926
iran_news::UCCXoCcu9Rp7NPbTzIvogpZg,sanctions,Sanctions,policy,General sanctions framing.,0.7005343437194824,0.2994656562805176,1,3147,news,,UCCXoCcu9Rp7NPbTzIvogpZg,Fox Business,iran_news,iran,news,8,-0.36988457818872744,0.3698845781887436
iran_news::UCIALMKvObZNtJ6AmdCLP7Lg,sanctions,Sanctions,policy,General sanctions framing.,0.7067657113075256,0.29323428869247437,1,89,news,,UCIALMKvObZNtJ6AmdCLP7Lg,Bloomberg Television,iran_news,iran,news,2,1.4495272934550665,-1.4495272934550503
iran_news::UCJg9wBPyKMNA5sRDnvzmkdg,sanctions,Sanctions,policy,General sanctions framing.,0.7002847194671631,0.2997152805328369,1,2841,news,,UCJg9wBPyKMNA5sRDnvzmkdg,LiveNOW from FOX,iran_news,iran,news,8,-0.4427689525580823,0.4427689525580985
iran_news::UCK7tptUDHh-RYDsdxO1-5QQ,sanctions,Sanctions,policy,General sanctions framing.,0.7053627967834473,0.29463720321655273,1,357,news,,UCK7tptUDHh-RYDsdxO1-5QQ,The Wall Street Journal,iran_news,iran,news,1,1.0399094521151653,-1.039909452115149
iran_news::UCLXo7UDZvByw2ixzpQCufnA,sanctions,Sanctions,policy,General sanctions framing.,0.7094708681106567,0.29052913188934326,1,24,news,,UCLXo7UDZvByw2ixzpQCufnA,Vox,iran_news,iran,news,1,2.2393690629758813,-2.239369062975865
iran_news::UCP6HGa63sBC7-KHtkme-p-g,sanctions,Sanctions,policy,General sanctions framing.,0.706668496131897,0.293331503868103,1,136,news,,UCP6HGa63sBC7-KHtkme-p-g,USA TODAY,iran_news,iran,news,6,1.4211427627491404,-1.4211427627491242
iran_news::UCYI_ychRnL7sJrG6PUSBpQA,sanctions,Sanctions,policy,General sanctions framing.,0.7058314085006714,0.2941685914993286,1,350,news,,UCYI_ychRnL7sJrG6PUSBpQA,CBN News,iran_news,iran,news,3,1.176732983942259,-1.1767329839422427
iran_news::UCZaT_X_mc0BI-djXOlfhqWQ,sanctions,Sanctions,policy,General sanctions framing.,0.7037695646286011,0.2962304353713989,1,369,news,,UCZaT_X_mc0BI-djXOlfhqWQ,VICE News,iran_news,iran,news,1,0.5747233664196407,-0.5747233664196245
iran_news::UCcyq283he07B7_KUX07mmtA,sanctions,Sanctions,policy,General sanctions framing.,0.704289436340332,0.29571056365966797,1,345,news,,UCcyq283he07B7_KUX07mmtA,Business Insider,iran_news,iran,news,1,0.7265136035852361,-0.7265136035852199
iran_news::UCg40OxZ1GYh3u3jBntB6DLg,sanctions,Sanctions,policy,General sanctions framing.,0.7006801962852478,0.2993198037147522,1,3566,news,,UCg40OxZ1GYh3u3jBntB6DLg,Forbes Breaking News,iran_news,iran,news,24,-0.32729908055696727,0.3272990805569835
iran_news::UCrvhNP_lWuPIP6QZzJmM-bw,sanctions,Sanctions,policy,General sanctions framing.,0.6990957856178284,0.30090421438217163,1,1718,news,,UCrvhNP_lWuPIP6QZzJmM-bw,New York Post,iran_news,iran,news,1,-0.7899095006826101,0.7899095006826263
iran_news::UCupvZG-5ko_eiXAupbDfxWw,sanctions,Sanctions,policy,General sanctions framing.,0.7013933062553406,0.2986066937446594,1,25467,news,,UCupvZG-5ko_eiXAupbDfxWw,CNN,iran_news,iran,news,7,-0.11908784489436888,0.11908784489438509
iran_news::UCzuqE7-t13O4NIDYJfakrhw,sanctions,Sanctions,policy,General sanctions framing.,0.7011903524398804,0.29880964756011963,1,1110,news,,UCzuqE7-t13O4NIDYJfakrhw,Democracy Now!,iran_news,iran,news,3,-0.17834555614739023,0.17834555614740644
iran_influencers::UC-3jIAlnQmbbVMV6gR7K8aQ,withdrawal,Withdrawal,policy,Withdrawal/end-of-war framing.,0.7733179330825806,0.22668206691741943,3,5638,influencer,,UC-3jIAlnQmbbVMV6gR7K8aQ,The Majority Report w/ Sam Seder,iran_influencers,iran,influencer,13,-0.5486636692634176,0.5486636692633992
iran_influencers::UC1yBKRuGpC1tSM73A0ZjYjQ,withdrawal,Withdrawal,policy,Withdrawal/end-of-war framing.,0.7740844488143921,0.2259155511856079,3,21922,influencer,,UC1yBKRuGpC1tSM73A0ZjYjQ,The Young Turks,iran_influencers,iran,influencer,18,-0.29294934440222536,0.2929493444022069
iran_influencers::UCCRNUa9EwvRXMYwUmDi3JtA,withdrawal,Withdrawal,policy,Withdrawal/end-of-war framing.,0.780003547668457,0.21999645233154297,3,100,influencer,,UCCRNUa9EwvRXMYwUmDi3JtA,Chad Prather,iran_influencers,iran,influencer,1,1.681698147406916,-1.6816981474069346
iran_influencers::UCD8YGIxFCnVqv-ZGqgtVWAg,withdrawal,Withdrawal,policy,Withdrawal/end-of-war framing.,0.7741811871528625,0.22581881284713745,3,7609,influencer,,UCD8YGIxFCnVqv-ZGqgtVWAg,Erick Stakelbeck on TBN,iran_influencers,iran,influencer,8,-0.2606768444605679,0.2606768444605494
iran_influencers::UCG749Dj4V2fKa143f8sE60Q,withdrawal,Withdrawal,policy,Withdrawal/end-of-war framing.,0.772956132888794,0.22704386711120605,3,1807,influencer,,UCG749Dj4V2fKa143f8sE60Q,Tim Pool,iran_influencers,iran,influencer,1,-0.6693624213557533,0.6693624213557349
iran_influencers::UCJdKr0Bgd_5saZYqLCa9mng,withdrawal,Withdrawal,policy,Withdrawal/end-of-war framing.,0.7731888294219971,0.22681117057800293,3,13385,influencer,,UCJdKr0Bgd_5saZYqLCa9mng,The Rubin Report,iran_influencers,iran,influencer,7,-0.5917334381319512,0.5917334381319328
iran_influencers::UCLdP3jmBYe9lAZQbY6OSYjw,withdrawal,Withdrawal,policy,Withdrawal/end-of-war framing.,0.7739146947860718,0.22608530521392822,3,15392,influencer,,UCLdP3jmBYe9lAZQbY6OSYjw,Benny Johnson,iran_influencers,iran,influencer,7,-0.3495803239671301,0.34958032396711164
iran_influencers::UCNNTZgxNQuBrhbO0VrG8woA,withdrawal,Withdrawal,policy,Withdrawal/end-of-war framing.,0.7712761759757996,0.22872382402420044,3,409,influencer,,UCNNTZgxNQuBrhbO0VrG8woA,No Jumper,iran_influencers,iran,influencer,1,-1.2298062974220598,1.2298062974220416
iran_influencers::UCQANb2YPwAtK-IQJrLaaUFw,withdrawal,Withdrawal,policy,Withdrawal/end-of-war framing.,0.772907555103302,0.227092444896698,3,2747,influencer,,UCQANb2YPwAtK-IQJrLaaUFw,Brian Tyler Cohen,iran_influencers,iran,influencer,3,-0.6855682669826484,0.68556826698263
iran_influencers::UCaYw_yJ_YLPEv6zR2c7hgHA,withdrawal,Withdrawal,policy,Withdrawal/end-of-war framing.,0.7731688618659973,0.22683113813400269,3,1507,influencer,,UCaYw_yJ_YLPEv6zR2c7hgHA,The Officer Tatum,iran_influencers,iran,influencer,3,-0.5983947366411657,0.5983947366411473
iran_influencers::UCeAACGXB76rAOON6aaY72-Q,withdrawal,Withdrawal,policy,Withdrawal/end-of-war framing.,0.7798352241516113,0.22016477584838867,3,91,influencer,,UCeAACGXB76rAOON6aaY72-Q,Keith Olbermann,iran_influencers,iran,influencer,1,1.6255443951978952,-1.6255443951979138
iran_influencers::UCfaIu2jO-fppCQV_lchCRIQ,withdrawal,Withdrawal,policy,Withdrawal/end-of-war framing.,0.7716314792633057,0.22836852073669434,3,737,influencer,,UCfaIu2jO-fppCQV_lchCRIQ,Charlie Kirk,iran_influencers,iran,influencer,1,-1.1112749529043642,1.1112749529043457
iran_influencers::UClFSU9_bUb4Rc6OYfTt5SPw,withdrawal,Withdrawal,policy,Withdrawal/end-of-war framing.,0.7723910808563232,0.22760891914367676,3,8049,influencer,,UClFSU9_bUb4Rc6OYfTt5SPw,Philip DeFranco,iran_influencers,iran,influencer,3,-0.8578672269299448,0.8578672269299263
iran_influencers::UCnQC_G5Xsjhp9fEJKuIcrSw,withdrawal,Withdrawal,policy,Withdrawal/end-of-war framing.,0.7729799151420593,0.22702008485794067,3,1620,influencer,,UCnQC_G5Xsjhp9fEJKuIcrSw,Ben Shapiro,iran_influencers,iran,influencer,3,-0.6614285165641812,0.6614285165641628
iran_influencers::UCt6J-LE3g25VPn530Td8Ttw,withdrawal,Withdrawal,policy,Withdrawal/end-of-war framing.,0.7806568145751953,0.2193431854248047,3,62,influencer,,UCt6J-LE3g25VPn530Td8Ttw,The Clay Travis & Buck Sexton Show,iran_influencers,iran,influencer,16,1.8996319732606224,-1.8996319732606413
iran_influencers::UCtoaZpBnrd0lhycxYJ4MNOQ,withdrawal,Withdrawal,policy,Withdrawal/end-of-war framing.,0.7719768285751343,0.22802317142486572,3,3625,influencer,,UCtoaZpBnrd0lhycxYJ4MNOQ,HasanAbi,iran_influencers,iran,influencer,4,-0.9960643154046948,0.9960643154046764
iran_influencers::UCvixJtaXuNdMPUGdOPcY8Ag,withdrawal,Withdrawal,policy,Withdrawal/end-of-war framing.,0.7721251249313354,0.22787487506866455,3,2318,influencer,,UCvixJtaXuNdMPUGdOPcY8Ag,David Pakman Show,iran_influencers,iran,influencer,5,-0.9465917461780504,0.9465917461780321
iran_influencers::UCx_2Vso6Qz76n-w5KV8DZcA,withdrawal,Withdrawal,policy,Withdrawal/end-of-war framing.,0.7715917825698853,0.22840821743011475,3,488,influencer,,UCx_2Vso6Qz76n-w5KV8DZcA,Allie Beth Stuckey,iran_influencers,iran,influencer,1,-1.124518012030146,1.1245180120301277
iran_news::UC3ScyryU9Oy9Wse3a8OAmYQ,withdrawal,Withdrawal,policy,Withdrawal/end-of-war framing.,0.7722477316856384,0.22775226831436157,3,3773,news,,UC3ScyryU9Oy9Wse3a8OAmYQ,FRONTLINE PBS | Official,iran_news,iran,news,1,-0.9056893848841568,0.9056893848841384
iran_news::UC52X5wxOL_s5yw0dQk7NtgA,withdrawal,Withdrawal,policy,Withdrawal/end-of-war framing.,0.7729610204696655,0.22703897953033447,3,2382,news,,UC52X5wxOL_s5yw0dQk7NtgA,Associated Press,iran_news,iran,news,10,-0.6677318945564829,0.6677318945564644
iran_news::UC8p1vwvWtl6T73JiExfWs1g,withdrawal,Withdrawal,policy,Withdrawal/end-of-war framing.,0.7748261094093323,0.22517389059066772,3,940,news,,UC8p1vwvWtl6T73JiExfWs1g,CBS News,iran_news,iran,news,9,-0.04552684484951811,0.0455268448494996
iran_news::UC9k-yiEpRHMNVOnOi_aQK8w,withdrawal,Withdrawal,policy,Withdrawal/end-of-war framing.,0.7802420258522034,0.21975797414779663,3,77,news,,UC9k-yiEpRHMNVOnOi_aQK8w,Inside Edition,iran_news,iran,news,1,1.761255924527416,-1.7612559245274346
iran_news::UCBi2mrWuNuyYy4gbM6fU18Q,withdrawal,Withdrawal,policy,Withdrawal/end-of-war framing.,0.7733458280563354,0.22665417194366455,3,1734,news,,UCBi2mrWuNuyYy4gbM6fU18Q,ABC News,iran_news,iran,news,4,-0.539357735823679,0.5393577358236605
iran_news::UCBu0KdNokE4MqdkacvH37_A,withdrawal,Withdrawal,policy,Withdrawal/end-of-war framing.,0.7773056030273438,0.22269439697265625,3,389,news,,UCBu0KdNokE4MqdkacvH37_A,WFAA,iran_news,iran,news,1,0.781647354209637,-0.7816473542096557
iran_news::UCCXoCcu9Rp7NPbTzIvogpZg,withdrawal,Withdrawal,policy,Withdrawal/end-of-war framing.,0.7739682197570801,0.22603178024291992,3,3147,news,,UCCXoCcu9Rp7NPbTzIvogpZg,Fox Business,iran_news,iran,news,8,-0.3317240670678027,0.33172406706778423
iran_news::UCIALMKvObZNtJ6AmdCLP7Lg,withdrawal,Withdrawal,policy,Withdrawal/end-of-war framing.,0.778903603553772,0.22109639644622803,3,89,news,,UCIALMKvObZNtJ6AmdCLP7Lg,Bloomberg Television,iran_news,iran,news,2,1.3147500796784213,-1.31475007967844
iran_news::UCJg9wBPyKMNA5sRDnvzmkdg,withdrawal,Withdrawal,policy,Withdrawal/end-of-war framing.,0.7725915908813477,0.22740840911865234,3,2841,news,,UCJg9wBPyKMNA5sRDnvzmkdg,LiveNOW from FOX,iran_news,iran,news,8,-0.7909758592135333,0.7909758592135149
iran_news::UCK7tptUDHh-RYDsdxO1-5QQ,withdrawal,Withdrawal,policy,Withdrawal/end-of-war framing.,0.7780606746673584,0.2219393253326416,3,357,news,,UCK7tptUDHh-RYDsdxO1-5QQ,The Wall Street Journal,iran_news,iran,news,1,1.033543860223757,-1.0335438602237756
iran_news::UCLXo7UDZvByw2ixzpQCufnA,withdrawal,Withdrawal,policy,Withdrawal/end-of-war framing.,0.7816996574401855,0.21830034255981445,3,24,news,,UCLXo7UDZvByw2ixzpQCufnA,Vox,iran_news,iran,news,1,2.2475307157000795,-2.2475307157000985
iran_news::UCP6HGa63sBC7-KHtkme-p-g,withdrawal,Withdrawal,policy,Withdrawal/end-of-war framing.,0.7785155773162842,0.22148442268371582,3,136,news,,UCP6HGa63sBC7-KHtkme-p-g,USA TODAY,iran_news,iran,news,6,1.1853021593948783,-1.185302159394897
iran_news::UCYI_ychRnL7sJrG6PUSBpQA,withdrawal,Withdrawal,policy,Withdrawal/end-of-war framing.,0.7783823013305664,0.2216176986694336,3,350,news,,UCYI_ychRnL7sJrG6PUSBpQA,CBN News,iran_news,iran,news,3,1.1408404774050163,-1.140840477405035
iran_news::UCZaT_X_mc0BI-djXOlfhqWQ,withdrawal,Withdrawal,policy,Withdrawal/end-of-war framing.,0.775932788848877,0.22406721115112305,3,369,news,,UCZaT_X_mc0BI-djXOlfhqWQ,VICE News,iran_news,iran,news,1,0.3236681683462639,-0.3236681683462824
iran_news::UCcyq283he07B7_KUX07mmtA,withdrawal,Withdrawal,policy,Withdrawal/end-of-war framing.,0.7779462337493896,0.22205376625061035,3,345,news,,UCcyq283he07B7_KUX07mmtA,Business Insider,iran_news,iran,news,1,0.9953656717530348,-0.9953656717530535
iran_news::UCg40OxZ1GYh3u3jBntB6DLg,withdrawal,Withdrawal,policy,Withdrawal/end-of-war framing.,0.7746258974075317,0.22537410259246826,3,3566,news,,UCg40OxZ1GYh3u3jBntB6DLg,Forbes Breaking News,iran_news,iran,news,24,-0.11231879020012034,0.11231879020010184
iran_news::UCrvhNP_lWuPIP6QZzJmM-bw,withdrawal,Withdrawal,policy,Withdrawal/end-of-war framing.,0.7730589509010315,0.2269410490989685,3,1718,news,,UCrvhNP_lWuPIP6QZzJmM-bw,New York Post,iran_news,iran,news,1,-0.6350617051515887,0.6350617051515702
iran_news::UCupvZG-5ko_eiXAupbDfxWw,withdrawal,Withdrawal,policy,Withdrawal/end-of-war framing.,0.7737838625907898,0.2262161374092102,3,25467,news,,UCupvZG-5ko_eiXAupbDfxWw,CNN,iran_news,iran,news,7,-0.39322674255735696,0.39322674255733847
iran_news::UCzuqE7-t13O4NIDYJfakrhw,withdrawal,Withdrawal,policy,Withdrawal/end-of-war framing.,0.7730301022529602,0.2269698977470398,3,1110,news,,UCzuqE7-t13O4NIDYJfakrhw,Democracy Now!,iran_news,iran,news,3,-0.6446857901619166,0.6446857901618982
