user_id,topic,topic_label,topic_group,topic_description,topic_sentiment_score,topic_sentiment_direction,n_pos_phrases,n_neg_phrases,pair_centroid_cosine,n_posts,channel_id,channel_title,group_label,corpus,source_kind,n_videos,topic_sentiment_zscore_within_topic
iran_influencers::UC-3jIAlnQmbbVMV6gR7K8aQ,iran,Iran,country,Iran-centered topic bag.,-0.7226837873458862,negative,76,76,,5638,UC-3jIAlnQmbbVMV6gR7K8aQ,The Majority Report w/ Sam Seder,iran_influencers,iran,influencer,13,0.298051637437055
iran_influencers::UC1yBKRuGpC1tSM73A0ZjYjQ,iran,Iran,country,Iran-centered topic bag.,-0.7311993837356567,negative,76,76,,21922,UC1yBKRuGpC1tSM73A0ZjYjQ,The Young Turks,iran_influencers,iran,influencer,18,-0.9506786805300351
iran_influencers::UCCRNUa9EwvRXMYwUmDi3JtA,iran,Iran,country,Iran-centered topic bag.,-0.7145390510559082,negative,76,76,,100,UCCRNUa9EwvRXMYwUmDi3JtA,Chad Prather,iran_influencers,iran,influencer,1,1.4923988882485104
iran_influencers::UCD8YGIxFCnVqv-ZGqgtVWAg,iran,Iran,country,Iran-centered topic bag.,-0.711540162563324,negative,76,76,,7609,UCD8YGIxFCnVqv-ZGqgtVWAg,Erick Stakelbeck on TBN,iran_influencers,iran,influencer,8,1.9321570460436654
iran_influencers::UCG749Dj4V2fKa143f8sE60Q,iran,Iran,country,Iran-centered topic bag.,-0.7272544503211975,negative,76,76,,1807,UCG749Dj4V2fKa143f8sE60Q,Tim Pool,iran_influencers,iran,influencer,1,-0.37219213284509617
iran_influencers::UCJdKr0Bgd_5saZYqLCa9mng,iran,Iran,country,Iran-centered topic bag.,-0.7240756154060364,negative,76,76,,13385,UCJdKr0Bgd_5saZYqLCa9mng,The Rubin Report,iran_influencers,iran,influencer,7,0.09395343731631753
iran_influencers::UCLdP3jmBYe9lAZQbY6OSYjw,iran,Iran,country,Iran-centered topic bag.,-0.7205010056495667,negative,76,76,,15392,UCLdP3jmBYe9lAZQbY6OSYjw,Benny Johnson,iran_influencers,iran,influencer,7,0.6181355818771872
iran_influencers::UCNNTZgxNQuBrhbO0VrG8woA,iran,Iran,country,Iran-centered topic bag.,-0.7323786616325378,negative,76,76,,409,UCNNTZgxNQuBrhbO0VrG8woA,No Jumper,iran_influencers,iran,influencer,1,-1.1236084432549203
iran_influencers::UCQANb2YPwAtK-IQJrLaaUFw,iran,Iran,country,Iran-centered topic bag.,-0.7366237640380859,negative,76,76,,2747,UCQANb2YPwAtK-IQJrLaaUFw,Brian Tyler Cohen,iran_influencers,iran,influencer,3,-1.7461118868247478
iran_influencers::UCaYw_yJ_YLPEv6zR2c7hgHA,iran,Iran,country,Iran-centered topic bag.,-0.7206647396087646,negative,76,76,,1507,UCaYw_yJ_YLPEv6zR2c7hgHA,The Officer Tatum,iran_influencers,iran,influencer,3,0.5941255713537978
iran_influencers::UCeAACGXB76rAOON6aaY72-Q,iran,Iran,country,Iran-centered topic bag.,-0.7159912586212158,negative,76,76,,91,UCeAACGXB76rAOON6aaY72-Q,Keith Olbermann,iran_influencers,iran,influencer,1,1.279446614352675
iran_influencers::UCfaIu2jO-fppCQV_lchCRIQ,iran,Iran,country,Iran-centered topic bag.,-0.7250422835350037,negative,76,76,,737,UCfaIu2jO-fppCQV_lchCRIQ,Charlie Kirk,iran_influencers,iran,influencer,1,-0.04779914756476339
iran_influencers::UClFSU9_bUb4Rc6OYfTt5SPw,iran,Iran,country,Iran-centered topic bag.,-0.7253162860870361,negative,76,76,,8049,UClFSU9_bUb4Rc6OYfTt5SPw,Philip DeFranco,iran_influencers,iran,influencer,3,-0.0879789867988446
iran_influencers::UCnQC_G5Xsjhp9fEJKuIcrSw,iran,Iran,country,Iran-centered topic bag.,-0.7275397777557373,negative,76,76,,1620,UCnQC_G5Xsjhp9fEJKuIcrSw,Ben Shapiro,iran_influencers,iran,influencer,3,-0.4140326571900052
iran_influencers::UCt6J-LE3g25VPn530Td8Ttw,iran,Iran,country,Iran-centered topic bag.,-0.7196904420852661,negative,76,76,,62,UCt6J-LE3g25VPn530Td8Ttw,The Clay Travis & Buck Sexton Show,iran_influencers,iran,influencer,16,0.7369969335726996
iran_influencers::UCtoaZpBnrd0lhycxYJ4MNOQ,iran,Iran,country,Iran-centered topic bag.,-0.727314293384552,negative,76,76,,3625,UCtoaZpBnrd0lhycxYJ4MNOQ,HasanAbi,iran_influencers,iran,influencer,4,-0.38096754258862836
iran_influencers::UCvixJtaXuNdMPUGdOPcY8Ag,iran,Iran,country,Iran-centered topic bag.,-0.7339462637901306,negative,76,76,,2318,UCvixJtaXuNdMPUGdOPcY8Ag,David Pakman Show,iran_influencers,iran,influencer,5,-1.3534822243852955
iran_influencers::UCx_2Vso6Qz76n-w5KV8DZcA,iran,Iran,country,Iran-centered topic bag.,-0.7165963053703308,negative,76,76,,488,UCx_2Vso6Qz76n-w5KV8DZcA,Allie Beth Stuckey,iran_influencers,iran,influencer,1,1.1907223271947116
iran_news::UC3ScyryU9Oy9Wse3a8OAmYQ,iran,Iran,country,Iran-centered topic bag.,-0.7305030226707458,negative,76,76,,3773,UC3ScyryU9Oy9Wse3a8OAmYQ,FRONTLINE PBS | Official,iran_news,iran,news,1,-0.8485640271100284
iran_news::UC52X5wxOL_s5yw0dQk7NtgA,iran,Iran,country,Iran-centered topic bag.,-0.733502209186554,negative,76,76,,2382,UC52X5wxOL_s5yw0dQk7NtgA,Associated Press,iran_news,iran,news,10,-1.2883658871449422
iran_news::UC8p1vwvWtl6T73JiExfWs1g,iran,Iran,country,Iran-centered topic bag.,-0.7318994998931885,negative,76,76,,940,UC8p1vwvWtl6T73JiExfWs1g,CBS News,iran_news,iran,news,9,-1.0533439821710004
iran_news::UC9k-yiEpRHMNVOnOi_aQK8w,iran,Iran,country,Iran-centered topic bag.,-0.7181980609893799,negative,76,76,,77,UC9k-yiEpRHMNVOnOi_aQK8w,Inside Edition,iran_news,iran,news,1,0.9558402693879976
iran_news::UCBi2mrWuNuyYy4gbM6fU18Q,iran,Iran,country,Iran-centered topic bag.,-0.7359211444854736,negative,76,76,,1734,UCBi2mrWuNuyYy4gbM6fU18Q,ABC News,iran_news,iran,news,4,-1.64307948636981
iran_news::UCBu0KdNokE4MqdkacvH37_A,iran,Iran,country,Iran-centered topic bag.,-0.723845362663269,negative,76,76,,389,UCBu0KdNokE4MqdkacvH37_A,WFAA,iran_news,iran,news,1,0.12771778775383236
iran_news::UCCXoCcu9Rp7NPbTzIvogpZg,iran,Iran,country,Iran-centered topic bag.,-0.728731095790863,negative,76,76,,3147,UCCXoCcu9Rp7NPbTzIvogpZg,Fox Business,iran_news,iran,news,8,-0.5887279904011388
iran_news::UCIALMKvObZNtJ6AmdCLP7Lg,iran,Iran,country,Iran-centered topic bag.,-0.714859664440155,negative,76,76,,89,UCIALMKvObZNtJ6AmdCLP7Lg,Bloomberg Television,iran_news,iran,news,2,1.44538401871618
iran_news::UCJg9wBPyKMNA5sRDnvzmkdg,iran,Iran,country,Iran-centered topic bag.,-0.7317163944244385,negative,76,76,,2841,UCJg9wBPyKMNA5sRDnvzmkdg,LiveNOW from FOX,iran_news,iran,news,8,-1.0264933260633005
iran_news::UCK7tptUDHh-RYDsdxO1-5QQ,iran,Iran,country,Iran-centered topic bag.,-0.7248746156692505,negative,76,76,,357,UCK7tptUDHh-RYDsdxO1-5QQ,The Wall Street Journal,iran_news,iran,news,1,-0.02321226747656012
iran_news::UCLXo7UDZvByw2ixzpQCufnA,iran,Iran,country,Iran-centered topic bag.,-0.717151403427124,negative,76,76,,24,UCLXo7UDZvByw2ixzpQCufnA,Vox,iran_news,iran,news,1,1.1093225354202938
iran_news::UCP6HGa63sBC7-KHtkme-p-g,iran,Iran,country,Iran-centered topic bag.,-0.7153534889221191,negative,76,76,,136,UCP6HGa63sBC7-KHtkme-p-g,USA TODAY,iran_news,iran,news,6,1.3729694074361358
iran_news::UCYI_ychRnL7sJrG6PUSBpQA,iran,Iran,country,Iran-centered topic bag.,-0.7118833661079407,negative,76,76,,350,UCYI_ychRnL7sJrG6PUSBpQA,CBN News,iran_news,iran,news,3,1.8818295467376311
iran_news::UCZaT_X_mc0BI-djXOlfhqWQ,iran,Iran,country,Iran-centered topic bag.,-0.7248181104660034,negative,76,76,,369,UCZaT_X_mc0BI-djXOlfhqWQ,VICE News,iran_news,iran,news,1,-0.014926322818324537
iran_news::UCcyq283he07B7_KUX07mmtA,iran,Iran,country,Iran-centered topic bag.,-0.7234843969345093,negative,76,76,,345,UCcyq283he07B7_KUX07mmtA,Business Insider,iran_news,iran,news,1,0.18064994054948078
iran_news::UCg40OxZ1GYh3u3jBntB6DLg,iran,Iran,country,Iran-centered topic bag.,-0.7258057594299316,negative,76,76,,3566,UCg40OxZ1GYh3u3jBntB6DLg,Forbes Breaking News,iran_news,iran,news,24,-0.15975554537841274
iran_news::UCrvhNP_lWuPIP6QZzJmM-bw,iran,Iran,country,Iran-centered topic bag.,-0.7307197451591492,negative,76,76,,1718,UCrvhNP_lWuPIP6QZzJmM-bw,New York Post,iran_news,iran,news,1,-0.8803442958625016
iran_news::UCupvZG-5ko_eiXAupbDfxWw,iran,Iran,country,Iran-centered topic bag.,-0.7310013771057129,negative,76,76,,25467,UCupvZG-5ko_eiXAupbDfxWw,CNN,iran_news,iran,news,7,-0.9216429124344037
iran_news::UCzuqE7-t13O4NIDYJfakrhw,iran,Iran,country,Iran-centered topic bag.,-0.727337658405304,negative,76,76,,1110,UCzuqE7-t13O4NIDYJfakrhw,Democracy Now!,iran_news,iran,news,3,-0.3843937981857047
iran_influencers::UC-3jIAlnQmbbVMV6gR7K8aQ,afghanistan,Afghanistan,country,Afghanistan-centered topic bag.,-0.7265958189964294,negative,76,76,,5638,UC-3jIAlnQmbbVMV6gR7K8aQ,The Majority Report w/ Sam Seder,iran_influencers,iran,influencer,13,0.2739940205095643
iran_influencers::UC1yBKRuGpC1tSM73A0ZjYjQ,afghanistan,Afghanistan,country,Afghanistan-centered topic bag.,-0.7348483800888062,negative,76,76,,21922,UC1yBKRuGpC1tSM73A0ZjYjQ,The Young Turks,iran_influencers,iran,influencer,18,-0.8431255885353922
iran_influencers::UCCRNUa9EwvRXMYwUmDi3JtA,afghanistan,Afghanistan,country,Afghanistan-centered topic bag.,-0.7175556421279907,negative,76,76,,100,UCCRNUa9EwvRXMYwUmDi3JtA,Chad Prather,iran_influencers,iran,influencer,1,1.4977303535003519
iran_influencers::UCD8YGIxFCnVqv-ZGqgtVWAg,afghanistan,Afghanistan,country,Afghanistan-centered topic bag.,-0.7148999571800232,negative,76,76,,7609,UCD8YGIxFCnVqv-ZGqgtVWAg,Erick Stakelbeck on TBN,iran_influencers,iran,influencer,8,1.8572209040835597
iran_influencers::UCG749Dj4V2fKa143f8sE60Q,afghanistan,Afghanistan,country,Afghanistan-centered topic bag.,-0.7310195565223694,negative,76,76,,1807,UCG749Dj4V2fKa143f8sE60Q,Tim Pool,iran_influencers,iran,influencer,1,-0.3248314689570392
iran_influencers::UCJdKr0Bgd_5saZYqLCa9mng,afghanistan,Afghanistan,country,Afghanistan-centered topic bag.,-0.7277838587760925,negative,76,76,,13385,UCJdKr0Bgd_5saZYqLCa9mng,The Rubin Report,iran_influencers,iran,influencer,7,0.11317333474535154
iran_influencers::UCLdP3jmBYe9lAZQbY6OSYjw,afghanistan,Afghanistan,country,Afghanistan-centered topic bag.,-0.7236785292625427,negative,76,76,,15392,UCLdP3jmBYe9lAZQbY6OSYjw,Benny Johnson,iran_influencers,iran,influencer,7,0.6688970730905209
iran_influencers::UCNNTZgxNQuBrhbO0VrG8woA,afghanistan,Afghanistan,country,Afghanistan-centered topic bag.,-0.7371830940246582,negative,76,76,,409,UCNNTZgxNQuBrhbO0VrG8woA,No Jumper,iran_influencers,iran,influencer,1,-1.1591674439128863
iran_influencers::UCQANb2YPwAtK-IQJrLaaUFw,afghanistan,Afghanistan,country,Afghanistan-centered topic bag.,-0.7419576644897461,negative,76,76,,2747,UCQANb2YPwAtK-IQJrLaaUFw,Brian Tyler Cohen,iran_influencers,iran,influencer,3,-1.8054839305904147
iran_influencers::UCaYw_yJ_YLPEv6zR2c7hgHA,afghanistan,Afghanistan,country,Afghanistan-centered topic bag.,-0.7251865267753601,negative,76,76,,1507,UCaYw_yJ_YLPEv6zR2c7hgHA,The Officer Tatum,iran_influencers,iran,influencer,3,0.4647648560608911
iran_influencers::UCeAACGXB76rAOON6aaY72-Q,afghanistan,Afghanistan,country,Afghanistan-centered topic bag.,-0.7189180850982666,negative,76,76,,91,UCeAACGXB76rAOON6aaY72-Q,Keith Olbermann,iran_influencers,iran,influencer,1,1.3133013330709733
iran_influencers::UCfaIu2jO-fppCQV_lchCRIQ,afghanistan,Afghanistan,country,Afghanistan-centered topic bag.,-0.7290131449699402,negative,76,76,,737,UCfaIu2jO-fppCQV_lchCRIQ,Charlie Kirk,iran_influencers,iran,influencer,1,-0.053230730235639984
iran_influencers::UClFSU9_bUb4Rc6OYfTt5SPw,afghanistan,Afghanistan,country,Afghanistan-centered topic bag.,-0.7296702861785889,negative,76,76,,8049,UClFSU9_bUb4Rc6OYfTt5SPw,Philip DeFranco,iran_influencers,iran,influencer,3,-0.14218557975151622
iran_influencers::UCnQC_G5Xsjhp9fEJKuIcrSw,afghanistan,Afghanistan,country,Afghanistan-centered topic bag.,-0.7317659854888916,negative,76,76,,1620,UCnQC_G5Xsjhp9fEJKuIcrSw,Ben Shapiro,iran_influencers,iran,influencer,3,-0.4258728821531678
iran_influencers::UCt6J-LE3g25VPn530Td8Ttw,afghanistan,Afghanistan,country,Afghanistan-centered topic bag.,-0.7225257158279419,negative,76,76,,62,UCt6J-LE3g25VPn530Td8Ttw,The Clay Travis & Buck Sexton Show,iran_influencers,iran,influencer,16,0.8249492948126581
iran_influencers::UCtoaZpBnrd0lhycxYJ4MNOQ,afghanistan,Afghanistan,country,Afghanistan-centered topic bag.,-0.731995701789856,negative,76,76,,3625,UCtoaZpBnrd0lhycxYJ4MNOQ,HasanAbi,iran_influencers,iran,influencer,4,-0.4569687542651122
iran_influencers::UCvixJtaXuNdMPUGdOPcY8Ag,afghanistan,Afghanistan,country,Afghanistan-centered topic bag.,-0.7380508184432983,negative,76,76,,2318,UCvixJtaXuNdMPUGdOPcY8Ag,David Pakman Show,iran_influencers,iran,influencer,5,-1.2766281876092243
iran_influencers::UCx_2Vso6Qz76n-w5KV8DZcA,afghanistan,Afghanistan,country,Afghanistan-centered topic bag.,-0.7208653092384338,negative,76,76,,488,UCx_2Vso6Qz76n-w5KV8DZcA,Allie Beth Stuckey,iran_influencers,iran,influencer,1,1.0497125821563102
iran_news::UC3ScyryU9Oy9Wse3a8OAmYQ,afghanistan,Afghanistan,country,Afghanistan-centered topic bag.,-0.7344358563423157,negative,76,76,,3773,UC3ScyryU9Oy9Wse3a8OAmYQ,FRONTLINE PBS | Official,iran_news,iran,news,1,-0.7872837279005278
iran_news::UC52X5wxOL_s5yw0dQk7NtgA,afghanistan,Afghanistan,country,Afghanistan-centered topic bag.,-0.738286018371582,negative,76,76,,2382,UC52X5wxOL_s5yw0dQk7NtgA,Associated Press,iran_news,iran,news,10,-1.3084663586921856
iran_news::UC8p1vwvWtl6T73JiExfWs1g,afghanistan,Afghanistan,country,Afghanistan-centered topic bag.,-0.736818253993988,negative,76,76,,940,UC8p1vwvWtl6T73JiExfWs1g,CBS News,iran_news,iran,news,9,-1.1097803569390379
iran_news::UC9k-yiEpRHMNVOnOi_aQK8w,afghanistan,Afghanistan,country,Afghanistan-centered topic bag.,-0.7210094928741455,negative,76,76,,77,UC9k-yiEpRHMNVOnOi_aQK8w,Inside Edition,iran_news,iran,news,1,1.0301949602988132
iran_news::UCBi2mrWuNuyYy4gbM6fU18Q,afghanistan,Afghanistan,country,Afghanistan-centered topic bag.,-0.7404937744140625,negative,76,76,,1734,UCBi2mrWuNuyYy4gbM6fU18Q,ABC News,iran_news,iran,news,4,-1.6073223791972246
iran_news::UCBu0KdNokE4MqdkacvH37_A,afghanistan,Afghanistan,country,Afghanistan-centered topic bag.,-0.7275983095169067,negative,76,76,,389,UCBu0KdNokE4MqdkacvH37_A,WFAA,iran_news,iran,news,1,0.1382904727537799
iran_news::UCCXoCcu9Rp7NPbTzIvogpZg,afghanistan,Afghanistan,country,Afghanistan-centered topic bag.,-0.7327830195426941,negative,76,76,,3147,UCCXoCcu9Rp7NPbTzIvogpZg,Fox Business,iran_news,iran,news,8,-0.563545135875562
iran_news::UCIALMKvObZNtJ6AmdCLP7Lg,afghanistan,Afghanistan,country,Afghanistan-centered topic bag.,-0.7178317904472351,negative,76,76,,89,UCIALMKvObZNtJ6AmdCLP7Lg,Bloomberg Television,iran_news,iran,news,2,1.4603491455359932
iran_news::UCJg9wBPyKMNA5sRDnvzmkdg,afghanistan,Afghanistan,country,Afghanistan-centered topic bag.,-0.736299455165863,negative,76,76,,2841,UCJg9wBPyKMNA5sRDnvzmkdg,LiveNOW from FOX,iran_news,iran,news,8,-1.0395524195071841
iran_news::UCK7tptUDHh-RYDsdxO1-5QQ,afghanistan,Afghanistan,country,Afghanistan-centered topic bag.,-0.7290053367614746,negative,76,76,,357,UCK7tptUDHh-RYDsdxO1-5QQ,The Wall Street Journal,iran_news,iran,news,1,-0.05217376104864862
iran_news::UCLXo7UDZvByw2ixzpQCufnA,afghanistan,Afghanistan,country,Afghanistan-centered topic bag.,-0.719722330570221,negative,76,76,,24,UCLXo7UDZvByw2ixzpQCufnA,Vox,iran_news,iran,news,1,1.204433506810863
iran_news::UCP6HGa63sBC7-KHtkme-p-g,afghanistan,Afghanistan,country,Afghanistan-centered topic bag.,-0.7181754112243652,negative,76,76,,136,UCP6HGa63sBC7-KHtkme-p-g,USA TODAY,iran_news,iran,news,6,1.4138344328412968
iran_news::UCYI_ychRnL7sJrG6PUSBpQA,afghanistan,Afghanistan,country,Afghanistan-centered topic bag.,-0.714634895324707,negative,76,76,,350,UCYI_ychRnL7sJrG6PUSBpQA,CBN News,iran_news,iran,news,3,1.8931013771717322
iran_news::UCZaT_X_mc0BI-djXOlfhqWQ,afghanistan,Afghanistan,country,Afghanistan-centered topic bag.,-0.7287524342536926,negative,76,76,,369,UCZaT_X_mc0BI-djXOlfhqWQ,VICE News,iran_news,iran,news,1,-0.017939255244035206
iran_news::UCcyq283he07B7_KUX07mmtA,afghanistan,Afghanistan,country,Afghanistan-centered topic bag.,-0.7273427248001099,negative,76,76,,345,UCcyq283he07B7_KUX07mmtA,Business Insider,iran_news,iran,news,1,0.1728880595768255
iran_news::UCg40OxZ1GYh3u3jBntB6DLg,afghanistan,Afghanistan,country,Afghanistan-centered topic bag.,-0.7302806377410889,negative,76,76,,3566,UCg40OxZ1GYh3u3jBntB6DLg,Forbes Breaking News,iran_news,iran,news,24,-0.22480668261252057
iran_news::UCrvhNP_lWuPIP6QZzJmM-bw,afghanistan,Afghanistan,country,Afghanistan-centered topic bag.,-0.7353758215904236,negative,76,76,,1718,UCrvhNP_lWuPIP6QZzJmM-bw,New York Post,iran_news,iran,news,1,-0.914523453693305
iran_news::UCupvZG-5ko_eiXAupbDfxWw,afghanistan,Afghanistan,country,Afghanistan-centered topic bag.,-0.7347273230552673,negative,76,76,,25467,UCupvZG-5ko_eiXAupbDfxWw,CNN,iran_news,iran,news,7,-0.8267385319034879
iran_news::UCzuqE7-t13O4NIDYJfakrhw,afghanistan,Afghanistan,country,Afghanistan-centered topic bag.,-0.731849730014801,negative,76,76,,1110,UCzuqE7-t13O4NIDYJfakrhw,Democracy Now!,iran_news,iran,news,3,-0.4372090783953271
iran_influencers::UC-3jIAlnQmbbVMV6gR7K8aQ,trump,Trump,leader,Trump-centered topic bag.,-0.7124308347702026,negative,114,114,,5638,UC-3jIAlnQmbbVMV6gR7K8aQ,The Majority Report w/ Sam Seder,iran_influencers,iran,influencer,13,0.18222890449959755
iran_influencers::UC1yBKRuGpC1tSM73A0ZjYjQ,trump,Trump,leader,Trump-centered topic bag.,-0.721079409122467,negative,114,114,,21922,UC1yBKRuGpC1tSM73A0ZjYjQ,The Young Turks,iran_influencers,iran,influencer,18,-0.9265224167958899
iran_influencers::UCCRNUa9EwvRXMYwUmDi3JtA,trump,Trump,leader,Trump-centered topic bag.,-0.7017327547073364,negative,114,114,,100,UCCRNUa9EwvRXMYwUmDi3JtA,Chad Prather,iran_influencers,iran,influencer,1,1.5537278269690789
iran_influencers::UCD8YGIxFCnVqv-ZGqgtVWAg,trump,Trump,leader,Trump-centered topic bag.,-0.7021816968917847,negative,114,114,,7609,UCD8YGIxFCnVqv-ZGqgtVWAg,Erick Stakelbeck on TBN,iran_influencers,iran,influencer,8,1.4961732266479353
iran_influencers::UCG749Dj4V2fKa143f8sE60Q,trump,Trump,leader,Trump-centered topic bag.,-0.717078685760498,negative,114,114,,1807,UCG749Dj4V2fKa143f8sE60Q,Tim Pool,iran_influencers,iran,influencer,1,-0.4136277901156618
iran_influencers::UCJdKr0Bgd_5saZYqLCa9mng,trump,Trump,leader,Trump-centered topic bag.,-0.7145744562149048,negative,114,114,,13385,UCJdKr0Bgd_5saZYqLCa9mng,The Rubin Report,iran_influencers,iran,influencer,7,-0.09258437828712673
iran_influencers::UCLdP3jmBYe9lAZQbY6OSYjw,trump,Trump,leader,Trump-centered topic bag.,-0.7110157608985901,negative,114,114,,15392,UCLdP3jmBYe9lAZQbY6OSYjw,Benny Johnson,iran_influencers,iran,influencer,7,0.3636420439345776
iran_influencers::UCNNTZgxNQuBrhbO0VrG8woA,trump,Trump,leader,Trump-centered topic bag.,-0.7227224111557007,negative,114,114,,409,UCNNTZgxNQuBrhbO0VrG8woA,No Jumper,iran_influencers,iran,influencer,1,-1.1371560543227517
iran_influencers::UCQANb2YPwAtK-IQJrLaaUFw,trump,Trump,leader,Trump-centered topic bag.,-0.727624237537384,negative,114,114,,2747,UCQANb2YPwAtK-IQJrLaaUFw,Brian Tyler Cohen,iran_influencers,iran,influencer,3,-1.7655725142020036
iran_influencers::UCaYw_yJ_YLPEv6zR2c7hgHA,trump,Trump,leader,Trump-centered topic bag.,-0.7113749980926514,negative,114,114,,1507,UCaYw_yJ_YLPEv6zR2c7hgHA,The Officer Tatum,iran_influencers,iran,influencer,3,0.31758766579656217
iran_influencers::UCeAACGXB76rAOON6aaY72-Q,trump,Trump,leader,Trump-centered topic bag.,-0.702635645866394,negative,114,114,,91,UCeAACGXB76rAOON6aaY72-Q,Keith Olbermann,iran_influencers,iran,influencer,1,1.4379767534607566
iran_influencers::UCfaIu2jO-fppCQV_lchCRIQ,trump,Trump,leader,Trump-centered topic bag.,-0.7159896492958069,negative,114,114,,737,UCfaIu2jO-fppCQV_lchCRIQ,Charlie Kirk,iran_influencers,iran,influencer,1,-0.2740128004093933
iran_influencers::UClFSU9_bUb4Rc6OYfTt5SPw,trump,Trump,leader,Trump-centered topic bag.,-0.7141525745391846,negative,114,114,,8049,UClFSU9_bUb4Rc6OYfTt5SPw,Philip DeFranco,iran_influencers,iran,influencer,3,-0.03849894798002979
iran_influencers::UCnQC_G5Xsjhp9fEJKuIcrSw,trump,Trump,leader,Trump-centered topic bag.,-0.7176364660263062,negative,114,114,,1620,UCnQC_G5Xsjhp9fEJKuIcrSw,Ben Shapiro,iran_influencers,iran,influencer,3,-0.4851354839294246
iran_influencers::UCt6J-LE3g25VPn530Td8Ttw,trump,Trump,leader,Trump-centered topic bag.,-0.7054028511047363,negative,114,114,,62,UCt6J-LE3g25VPn530Td8Ttw,The Clay Travis & Buck Sexton Show,iran_influencers,iran,influencer,16,1.0832197334780944
iran_influencers::UCtoaZpBnrd0lhycxYJ4MNOQ,trump,Trump,leader,Trump-centered topic bag.,-0.718149721622467,negative,114,114,,3625,UCtoaZpBnrd0lhycxYJ4MNOQ,HasanAbi,iran_influencers,iran,influencer,4,-0.5509350940416614
iran_influencers::UCvixJtaXuNdMPUGdOPcY8Ag,trump,Trump,leader,Trump-centered topic bag.,-0.722648561000824,negative,114,114,,2318,UCvixJtaXuNdMPUGdOPcY8Ag,David Pakman Show,iran_influencers,iran,influencer,5,-1.1276884295487344
iran_influencers::UCx_2Vso6Qz76n-w5KV8DZcA,trump,Trump,leader,Trump-centered topic bag.,-0.7048540711402893,negative,114,114,,488,UCx_2Vso6Qz76n-w5KV8DZcA,Allie Beth Stuckey,iran_influencers,iran,influencer,1,1.1535735844017228
iran_news::UC3ScyryU9Oy9Wse3a8OAmYQ,trump,Trump,leader,Trump-centered topic bag.,-0.7200673818588257,negative,114,114,,3773,UC3ScyryU9Oy9Wse3a8OAmYQ,FRONTLINE PBS | Official,iran_news,iran,news,1,-0.796780043076732
iran_news::UC52X5wxOL_s5yw0dQk7NtgA,trump,Trump,leader,Trump-centered topic bag.,-0.72257399559021,negative,114,114,,2382,UC52X5wxOL_s5yw0dQk7NtgA,Associated Press,iran_news,iran,news,10,-1.1181291086509981
iran_news::UC8p1vwvWtl6T73JiExfWs1g,trump,Trump,leader,Trump-centered topic bag.,-0.722463846206665,negative,114,114,,940,UC8p1vwvWtl6T73JiExfWs1g,CBS News,iran_news,iran,news,9,-1.1040079055982268
iran_news::UC9k-yiEpRHMNVOnOi_aQK8w,trump,Trump,leader,Trump-centered topic bag.,-0.7046217918395996,negative,114,114,,77,UC9k-yiEpRHMNVOnOi_aQK8w,Inside Edition,iran_news,iran,news,1,1.1833519005795636
iran_news::UCBi2mrWuNuyYy4gbM6fU18Q,trump,Trump,leader,Trump-centered topic bag.,-0.7257845997810364,negative,114,114,,1734,UCBi2mrWuNuyYy4gbM6fU18Q,ABC News,iran_news,iran,news,4,-1.5297300839959793
iran_news::UCBu0KdNokE4MqdkacvH37_A,trump,Trump,leader,Trump-centered topic bag.,-0.7136712670326233,negative,114,114,,389,UCBu0KdNokE4MqdkacvH37_A,WFAA,iran_news,iran,news,1,0.023204901939411837
iran_news::UCCXoCcu9Rp7NPbTzIvogpZg,trump,Trump,leader,Trump-centered topic bag.,-0.7190501689910889,negative,114,114,,3147,UCCXoCcu9Rp7NPbTzIvogpZg,Fox Business,iran_news,iran,news,8,-0.6663728724606093
iran_news::UCIALMKvObZNtJ6AmdCLP7Lg,trump,Trump,leader,Trump-centered topic bag.,-0.7022078037261963,negative,114,114,,89,UCIALMKvObZNtJ6AmdCLP7Lg,Bloomberg Television,iran_news,iran,news,2,1.492826318132181
iran_news::UCJg9wBPyKMNA5sRDnvzmkdg,trump,Trump,leader,Trump-centered topic bag.,-0.7224442362785339,negative,114,114,,2841,UCJg9wBPyKMNA5sRDnvzmkdg,LiveNOW from FOX,iran_news,iran,news,8,-1.1014939035395894
iran_news::UCK7tptUDHh-RYDsdxO1-5QQ,trump,Trump,leader,Trump-centered topic bag.,-0.714021623134613,negative,114,114,,357,UCK7tptUDHh-RYDsdxO1-5QQ,The Wall Street Journal,iran_news,iran,news,1,-0.021710915995755704
iran_news::UCLXo7UDZvByw2ixzpQCufnA,trump,Trump,leader,Trump-centered topic bag.,-0.7015050649642944,negative,114,114,,24,UCLXo7UDZvByw2ixzpQCufnA,Vox,iran_news,iran,news,1,1.5829177596863875
iran_news::UCP6HGa63sBC7-KHtkme-p-g,trump,Trump,leader,Trump-centered topic bag.,-0.7023718357086182,negative,114,114,,136,UCP6HGa63sBC7-KHtkme-p-g,USA TODAY,iran_news,iran,news,6,1.4717973404258895
iran_news::UCYI_ychRnL7sJrG6PUSBpQA,trump,Trump,leader,Trump-centered topic bag.,-0.7000856995582581,negative,114,114,,350,UCYI_ychRnL7sJrG6PUSBpQA,CBN News,iran_news,iran,news,3,1.7648810758636833
iran_news::UCZaT_X_mc0BI-djXOlfhqWQ,trump,Trump,leader,Trump-centered topic bag.,-0.7125792503356934,negative,114,114,,369,UCZaT_X_mc0BI-djXOlfhqWQ,VICE News,iran_news,iran,news,1,0.16320195882784405
iran_news::UCcyq283he07B7_KUX07mmtA,trump,Trump,leader,Trump-centered topic bag.,-0.712860643863678,negative,114,114,,345,UCcyq283he07B7_KUX07mmtA,Business Insider,iran_news,iran,news,1,0.1271271754879451
iran_news::UCg40OxZ1GYh3u3jBntB6DLg,trump,Trump,leader,Trump-centered topic bag.,-0.7150213718414307,negative,114,114,,3566,UCg40OxZ1GYh3u3jBntB6DLg,Forbes Breaking News,iran_news,iran,news,24,-0.14987917292439898
iran_news::UCrvhNP_lWuPIP6QZzJmM-bw,trump,Trump,leader,Trump-centered topic bag.,-0.720421314239502,negative,114,114,,1718,UCrvhNP_lWuPIP6QZzJmM-bw,New York Post,iran_news,iran,news,1,-0.8421543416304961
iran_news::UCupvZG-5ko_eiXAupbDfxWw,trump,Trump,leader,Trump-centered topic bag.,-0.7204329967498779,negative,114,114,,25467,UCupvZG-5ko_eiXAupbDfxWw,CNN,iran_news,iran,news,7,-0.8436520449845778
iran_news::UCzuqE7-t13O4NIDYJfakrhw,trump,Trump,leader,Trump-centered topic bag.,-0.717064380645752,negative,114,114,,1110,UCzuqE7-t13O4NIDYJfakrhw,Democracy Now!,iran_news,iran,news,3,-0.4117938676412759
iran_influencers::UC-3jIAlnQmbbVMV6gR7K8aQ,biden,Biden,leader,Biden-centered topic bag.,-0.6760396361351013,negative,76,76,,5638,UC-3jIAlnQmbbVMV6gR7K8aQ,The Majority Report w/ Sam Seder,iran_influencers,iran,influencer,13,-0.046303380198145366
iran_influencers::UC1yBKRuGpC1tSM73A0ZjYjQ,biden,Biden,leader,Biden-centered topic bag.,-0.6851098537445068,negative,76,76,,21922,UC1yBKRuGpC1tSM73A0ZjYjQ,The Young Turks,iran_influencers,iran,influencer,18,-1.0174657586515023
iran_influencers::UCCRNUa9EwvRXMYwUmDi3JtA,biden,Biden,leader,Biden-centered topic bag.,-0.6587859988212585,negative,76,76,,100,UCCRNUa9EwvRXMYwUmDi3JtA,Chad Prather,iran_influencers,iran,influencer,1,1.8010705387371215
iran_influencers::UCD8YGIxFCnVqv-ZGqgtVWAg,biden,Biden,leader,Biden-centered topic bag.,-0.6649152636528015,negative,76,76,,7609,UCD8YGIxFCnVqv-ZGqgtVWAg,Erick Stakelbeck on TBN,iran_influencers,iran,influencer,8,1.1448005716528449
iran_influencers::UCG749Dj4V2fKa143f8sE60Q,biden,Biden,leader,Biden-centered topic bag.,-0.681030809879303,negative,76,76,,1807,UCG749Dj4V2fKa143f8sE60Q,Tim Pool,iran_influencers,iran,influencer,1,-0.5807161554403185
iran_influencers::UCJdKr0Bgd_5saZYqLCa9mng,biden,Biden,leader,Biden-centered topic bag.,-0.6788470149040222,negative,76,76,,13385,UCJdKr0Bgd_5saZYqLCa9mng,The Rubin Report,iran_influencers,iran,influencer,7,-0.3468938136203235
iran_influencers::UCLdP3jmBYe9lAZQbY6OSYjw,biden,Biden,leader,Biden-centered topic bag.,-0.6764628291130066,negative,76,76,,15392,UCLdP3jmBYe9lAZQbY6OSYjw,Benny Johnson,iran_influencers,iran,influencer,7,-0.09161531389872848
iran_influencers::UCNNTZgxNQuBrhbO0VrG8woA,biden,Biden,leader,Biden-centered topic bag.,-0.6858795881271362,negative,76,76,,409,UCNNTZgxNQuBrhbO0VrG8woA,No Jumper,iran_influencers,iran,influencer,1,-1.0998824222866195
iran_influencers::UCQANb2YPwAtK-IQJrLaaUFw,biden,Biden,leader,Biden-centered topic bag.,-0.6888182759284973,negative,76,76,,2747,UCQANb2YPwAtK-IQJrLaaUFw,Brian Tyler Cohen,iran_influencers,iran,influencer,3,-1.4145323190809644
iran_influencers::UCaYw_yJ_YLPEv6zR2c7hgHA,biden,Biden,leader,Biden-centered topic bag.,-0.6767484545707703,negative,76,76,,1507,UCaYw_yJ_YLPEv6zR2c7hgHA,The Officer Tatum,iran_influencers,iran,influencer,3,-0.12219767816537558
iran_influencers::UCeAACGXB76rAOON6aaY72-Q,biden,Biden,leader,Biden-centered topic bag.,-0.6615410447120667,negative,76,76,,91,UCeAACGXB76rAOON6aaY72-Q,Keith Olbermann,iran_influencers,iran,influencer,1,1.5060834683838324
iran_influencers::UCfaIu2jO-fppCQV_lchCRIQ,biden,Biden,leader,Biden-centered topic bag.,-0.6787721514701843,negative,76,76,,737,UCfaIu2jO-fppCQV_lchCRIQ,Charlie Kirk,iran_influencers,iran,influencer,1,-0.33887806872906545
iran_influencers::UClFSU9_bUb4Rc6OYfTt5SPw,biden,Biden,leader,Biden-centered topic bag.,-0.6782087087631226,negative,76,76,,8049,UClFSU9_bUb4Rc6OYfTt5SPw,Philip DeFranco,iran_influencers,iran,influencer,3,-0.2785493772823595
iran_influencers::UCnQC_G5Xsjhp9fEJKuIcrSw,biden,Biden,leader,Biden-centered topic bag.,-0.6810409426689148,negative,76,76,,1620,UCnQC_G5Xsjhp9fEJKuIcrSw,Ben Shapiro,iran_influencers,iran,influencer,3,-0.5818010890641353
iran_influencers::UCt6J-LE3g25VPn530Td8Ttw,biden,Biden,leader,Biden-centered topic bag.,-0.6621670126914978,negative,76,76,,62,UCt6J-LE3g25VPn530Td8Ttw,The Clay Travis & Buck Sexton Show,iran_influencers,iran,influencer,16,1.4390600982819275
iran_influencers::UCtoaZpBnrd0lhycxYJ4MNOQ,biden,Biden,leader,Biden-centered topic bag.,-0.681692898273468,negative,76,76,,3625,UCtoaZpBnrd0lhycxYJ4MNOQ,HasanAbi,iran_influencers,iran,influencer,4,-0.6516069948130054
iran_influencers::UCvixJtaXuNdMPUGdOPcY8Ag,biden,Biden,leader,Biden-centered topic bag.,-0.6869912147521973,negative,76,76,,2318,UCvixJtaXuNdMPUGdOPcY8Ag,David Pakman Show,iran_influencers,iran,influencer,5,-1.2189060227818131
iran_influencers::UCx_2Vso6Qz76n-w5KV8DZcA,biden,Biden,leader,Biden-centered topic bag.,-0.6703070402145386,negative,76,76,,488,UCx_2Vso6Qz76n-w5KV8DZcA,Allie Beth Stuckey,iran_influencers,iran,influencer,1,0.5674946264949509
iran_news::UC3ScyryU9Oy9Wse3a8OAmYQ,biden,Biden,leader,Biden-centered topic bag.,-0.6841246485710144,negative,76,76,,3773,UC3ScyryU9Oy9Wse3a8OAmYQ,FRONTLINE PBS | Official,iran_news,iran,news,1,-0.9119783006040464
iran_news::UC52X5wxOL_s5yw0dQk7NtgA,biden,Biden,leader,Biden-centered topic bag.,-0.6822786927223206,negative,76,76,,2382,UC52X5wxOL_s5yw0dQk7NtgA,Associated Press,iran_news,iran,news,10,-0.7143289221946014
iran_news::UC8p1vwvWtl6T73JiExfWs1g,biden,Biden,leader,Biden-centered topic bag.,-0.6852397918701172,negative,76,76,,940,UC8p1vwvWtl6T73JiExfWs1g,CBS News,iran_news,iran,news,9,-1.0313784368863295
iran_news::UC9k-yiEpRHMNVOnOi_aQK8w,biden,Biden,leader,Biden-centered topic bag.,-0.6612268686294556,negative,76,76,,77,UC9k-yiEpRHMNVOnOi_aQK8w,Inside Edition,iran_news,iran,news,1,1.5397227926846455
iran_news::UCBi2mrWuNuyYy4gbM6fU18Q,biden,Biden,leader,Biden-centered topic bag.,-0.6874099373817444,negative,76,76,,1734,UCBi2mrWuNuyYy4gbM6fU18Q,ABC News,iran_news,iran,news,4,-1.2637393092954183
iran_news::UCBu0KdNokE4MqdkacvH37_A,biden,Biden,leader,Biden-centered topic bag.,-0.6749722957611084,negative,76,76,,389,UCBu0KdNokE4MqdkacvH37_A,WFAA,iran_news,iran,news,1,0.06797842216471969
iran_news::UCCXoCcu9Rp7NPbTzIvogpZg,biden,Biden,leader,Biden-centered topic bag.,-0.6788327097892761,negative,76,76,,3147,UCCXoCcu9Rp7NPbTzIvogpZg,Fox Business,iran_news,iran,news,8,-0.34536214262199394
iran_news::UCIALMKvObZNtJ6AmdCLP7Lg,biden,Biden,leader,Biden-centered topic bag.,-0.6600577235221863,negative,76,76,,89,UCIALMKvObZNtJ6AmdCLP7Lg,Bloomberg Television,iran_news,iran,news,2,1.6649049869856227
iran_news::UCJg9wBPyKMNA5sRDnvzmkdg,biden,Biden,leader,Biden-centered topic bag.,-0.684744119644165,negative,76,76,,2841,UCJg9wBPyKMNA5sRDnvzmkdg,LiveNOW from FOX,iran_news,iran,news,8,-0.9783060367942098
iran_news::UCK7tptUDHh-RYDsdxO1-5QQ,biden,Biden,leader,Biden-centered topic bag.,-0.6739951372146606,negative,76,76,,357,UCK7tptUDHh-RYDsdxO1-5QQ,The Wall Street Journal,iran_news,iran,news,1,0.17260431527561543
iran_news::UCLXo7UDZvByw2ixzpQCufnA,biden,Biden,leader,Biden-centered topic bag.,-0.658163845539093,negative,76,76,,24,UCLXo7UDZvByw2ixzpQCufnA,Vox,iran_news,iran,news,1,1.8676854632394717
iran_news::UCP6HGa63sBC7-KHtkme-p-g,biden,Biden,leader,Biden-centered topic bag.,-0.6615846753120422,negative,76,76,,136,UCP6HGa63sBC7-KHtkme-p-g,USA TODAY,iran_news,iran,news,6,1.501411871838927
iran_news::UCYI_ychRnL7sJrG6PUSBpQA,biden,Biden,leader,Biden-centered topic bag.,-0.6598506569862366,negative,76,76,,350,UCYI_ychRnL7sJrG6PUSBpQA,CBN News,iran_news,iran,news,3,1.6870759246864433
iran_news::UCZaT_X_mc0BI-djXOlfhqWQ,biden,Biden,leader,Biden-centered topic bag.,-0.6738682985305786,negative,76,76,,369,UCZaT_X_mc0BI-djXOlfhqWQ,VICE News,iran_news,iran,news,1,0.1861851314608043
iran_news::UCcyq283he07B7_KUX07mmtA,biden,Biden,leader,Biden-centered topic bag.,-0.6726482510566711,negative,76,76,,345,UCcyq283he07B7_KUX07mmtA,Business Insider,iran_news,iran,news,1,0.3168175217308375
iran_news::UCg40OxZ1GYh3u3jBntB6DLg,biden,Biden,leader,Biden-centered topic bag.,-0.6810476183891296,negative,76,76,,3566,UCg40OxZ1GYh3u3jBntB6DLg,Forbes Breaking News,iran_news,iran,news,24,-0.5825158688633558
iran_news::UCrvhNP_lWuPIP6QZzJmM-bw,biden,Biden,leader,Biden-centered topic bag.,-0.6841927766799927,negative,76,76,,1718,UCrvhNP_lWuPIP6QZzJmM-bw,New York Post,iran_news,iran,news,1,-0.919272883733591
iran_news::UCupvZG-5ko_eiXAupbDfxWw,biden,Biden,leader,Biden-centered topic bag.,-0.6808804869651794,negative,76,76,,25467,UCupvZG-5ko_eiXAupbDfxWw,CNN,iran_news,iran,news,7,-0.564620846032872
iran_news::UCzuqE7-t13O4NIDYJfakrhw,biden,Biden,leader,Biden-centered topic bag.,-0.678988516330719,negative,76,76,,1110,UCzuqE7-t13O4NIDYJfakrhw,Democracy Now!,iran_news,iran,news,3,-0.36204459257880023
iran_influencers::UC-3jIAlnQmbbVMV6gR7K8aQ,war,War,theme,War and escalation framing.,-0.5530847311019897,negative,152,152,,5638,UC-3jIAlnQmbbVMV6gR7K8aQ,The Majority Report w/ Sam Seder,iran_influencers,iran,influencer,13,0.3561762364735734
iran_influencers::UC1yBKRuGpC1tSM73A0ZjYjQ,war,War,theme,War and escalation framing.,-0.5590448379516602,negative,152,152,,21922,UC1yBKRuGpC1tSM73A0ZjYjQ,The Young Turks,iran_influencers,iran,influencer,18,-1.0723999971895457
iran_influencers::UCCRNUa9EwvRXMYwUmDi3JtA,war,War,theme,War and escalation framing.,-0.5491912961006165,negative,152,152,,100,UCCRNUa9EwvRXMYwUmDi3JtA,Chad Prather,iran_influencers,iran,influencer,1,1.2893925110411335
iran_influencers::UCD8YGIxFCnVqv-ZGqgtVWAg,war,War,theme,War and escalation framing.,-0.5463293790817261,negative,152,152,,7609,UCD8YGIxFCnVqv-ZGqgtVWAg,Erick Stakelbeck on TBN,iran_influencers,iran,influencer,8,1.975364547956695
iran_influencers::UCG749Dj4V2fKa143f8sE60Q,war,War,theme,War and escalation framing.,-0.5574689507484436,negative,152,152,,1807,UCG749Dj4V2fKa143f8sE60Q,Tim Pool,iran_influencers,iran,influencer,1,-0.6946760633353225
iran_influencers::UCJdKr0Bgd_5saZYqLCa9mng,war,War,theme,War and escalation framing.,-0.552201509475708,negative,152,152,,13385,UCJdKr0Bgd_5saZYqLCa9mng,The Rubin Report,iran_influencers,iran,influencer,7,0.5678753647254695
iran_influencers::UCLdP3jmBYe9lAZQbY6OSYjw,war,War,theme,War and escalation framing.,-0.5527453422546387,negative,152,152,,15392,UCLdP3jmBYe9lAZQbY6OSYjw,Benny Johnson,iran_influencers,iran,influencer,7,0.4375242480990489
iran_influencers::UCNNTZgxNQuBrhbO0VrG8woA,war,War,theme,War and escalation framing.,-0.5581660270690918,negative,152,152,,409,UCNNTZgxNQuBrhbO0VrG8woA,No Jumper,iran_influencers,iran,influencer,1,-0.8617580787831511
iran_influencers::UCQANb2YPwAtK-IQJrLaaUFw,war,War,theme,War and escalation framing.,-0.5606547594070435,negative,152,152,,2747,UCQANb2YPwAtK-IQJrLaaUFw,Brian Tyler Cohen,iran_influencers,iran,influencer,3,-1.4582815907975708
iran_influencers::UCaYw_yJ_YLPEv6zR2c7hgHA,war,War,theme,War and escalation framing.,-0.5498988032341003,negative,152,152,,1507,UCaYw_yJ_YLPEv6zR2c7hgHA,The Officer Tatum,iran_influencers,iran,influencer,3,1.1198103371748893
iran_influencers::UCeAACGXB76rAOON6aaY72-Q,war,War,theme,War and escalation framing.,-0.5497730374336243,negative,152,152,,91,UCeAACGXB76rAOON6aaY72-Q,Keith Olbermann,iran_influencers,iran,influencer,1,1.1499551043912142
iran_influencers::UCfaIu2jO-fppCQV_lchCRIQ,war,War,theme,War and escalation framing.,-0.5530884265899658,negative,152,152,,737,UCfaIu2jO-fppCQV_lchCRIQ,Charlie Kirk,iran_influencers,iran,influencer,1,0.35529046606247755
iran_influencers::UClFSU9_bUb4Rc6OYfTt5SPw,war,War,theme,War and escalation framing.,-0.5528156757354736,negative,152,152,,8049,UClFSU9_bUb4Rc6OYfTt5SPw,Philip DeFranco,iran_influencers,iran,influencer,3,0.4206660370491611
iran_influencers::UCnQC_G5Xsjhp9fEJKuIcrSw,war,War,theme,War and escalation framing.,-0.5575810074806213,negative,152,152,,1620,UCnQC_G5Xsjhp9fEJKuIcrSw,Ben Shapiro,iran_influencers,iran,influencer,3,-0.7215349080588725
iran_influencers::UCt6J-LE3g25VPn530Td8Ttw,war,War,theme,War and escalation framing.,-0.5536072254180908,negative,152,152,,62,UCt6J-LE3g25VPn530Td8Ttw,The Clay Travis & Buck Sexton Show,iran_influencers,iran,influencer,16,0.23093972964025436
iran_influencers::UCtoaZpBnrd0lhycxYJ4MNOQ,war,War,theme,War and escalation framing.,-0.5551940202713013,negative,152,152,,3625,UCtoaZpBnrd0lhycxYJ4MNOQ,HasanAbi,iran_influencers,iran,influencer,4,-0.14939865558865498
iran_influencers::UCvixJtaXuNdMPUGdOPcY8Ag,war,War,theme,War and escalation framing.,-0.5593104362487793,negative,152,152,,2318,UCvixJtaXuNdMPUGdOPcY8Ag,David Pakman Show,iran_influencers,iran,influencer,5,-1.1360611738321729
iran_influencers::UCx_2Vso6Qz76n-w5KV8DZcA,war,War,theme,War and escalation framing.,-0.5478987693786621,negative,152,152,,488,UCx_2Vso6Qz76n-w5KV8DZcA,Allie Beth Stuckey,iran_influencers,iran,influencer,1,1.5991978556316564
iran_news::UC3ScyryU9Oy9Wse3a8OAmYQ,war,War,theme,War and escalation framing.,-0.5577179193496704,negative,152,152,,3773,UC3ScyryU9Oy9Wse3a8OAmYQ,FRONTLINE PBS | Official,iran_news,iran,news,1,-0.7543512731280185
iran_news::UC52X5wxOL_s5yw0dQk7NtgA,war,War,theme,War and escalation framing.,-0.5592805743217468,negative,152,152,,2382,UC52X5wxOL_s5yw0dQk7NtgA,Associated Press,iran_news,iran,news,10,-1.1289035774457374
iran_news::UC8p1vwvWtl6T73JiExfWs1g,war,War,theme,War and escalation framing.,-0.5582001805305481,negative,152,152,,940,UC8p1vwvWtl6T73JiExfWs1g,CBS News,iran_news,iran,news,9,-0.8699443117760204
iran_news::UC9k-yiEpRHMNVOnOi_aQK8w,war,War,theme,War and escalation framing.,-0.5516396164894104,negative,152,152,,77,UC9k-yiEpRHMNVOnOi_aQK8w,Inside Edition,iran_news,iran,news,1,0.7025553270706324
iran_news::UCBi2mrWuNuyYy4gbM6fU18Q,war,War,theme,War and escalation framing.,-0.5624332427978516,negative,152,152,,1734,UCBi2mrWuNuyYy4gbM6fU18Q,ABC News,iran_news,iran,news,4,-1.8845657444471913
iran_news::UCBu0KdNokE4MqdkacvH37_A,war,War,theme,War and escalation framing.,-0.5549224019050598,negative,152,152,,389,UCBu0KdNokE4MqdkacvH37_A,WFAA,iran_news,iran,news,1,-0.0842945303731137
iran_news::UCCXoCcu9Rp7NPbTzIvogpZg,war,War,theme,War and escalation framing.,-0.5570558309555054,negative,152,152,,3147,UCCXoCcu9Rp7NPbTzIvogpZg,Fox Business,iran_news,iran,news,8,-0.5956555033465324
iran_news::UCIALMKvObZNtJ6AmdCLP7Lg,war,War,theme,War and escalation framing.,-0.5484524369239807,negative,152,152,,89,UCIALMKvObZNtJ6AmdCLP7Lg,Bloomberg Television,iran_news,iran,news,2,1.4664894467821583
iran_news::UCJg9wBPyKMNA5sRDnvzmkdg,war,War,theme,War and escalation framing.,-0.5600733160972595,negative,152,152,,2841,UCJg9wBPyKMNA5sRDnvzmkdg,LiveNOW from FOX,iran_news,iran,news,8,-1.3189156172453202
iran_news::UCK7tptUDHh-RYDsdxO1-5QQ,war,War,theme,War and escalation framing.,-0.5567686557769775,negative,152,152,,357,UCK7tptUDHh-RYDsdxO1-5QQ,The Wall Street Journal,iran_news,iran,news,1,-0.5268225704326684
iran_news::UCLXo7UDZvByw2ixzpQCufnA,war,War,theme,War and escalation framing.,-0.5521399974822998,negative,152,152,,24,UCLXo7UDZvByw2ixzpQCufnA,Vox,iran_news,iran,news,1,0.5826191560843544
iran_news::UCP6HGa63sBC7-KHtkme-p-g,war,War,theme,War and escalation framing.,-0.5499139428138733,negative,152,152,,136,UCP6HGa63sBC7-KHtkme-p-g,USA TODAY,iran_news,iran,news,6,1.1161815358133034
iran_news::UCYI_ychRnL7sJrG6PUSBpQA,war,War,theme,War and escalation framing.,-0.5460271239280701,negative,152,152,,350,UCYI_ychRnL7sJrG6PUSBpQA,CBN News,iran_news,iran,news,3,2.0478119956126113
iran_news::UCZaT_X_mc0BI-djXOlfhqWQ,war,War,theme,War and escalation framing.,-0.5542911291122437,negative,152,152,,369,UCZaT_X_mc0BI-djXOlfhqWQ,VICE News,iran_news,iran,news,1,0.0670150571093962
iran_news::UCcyq283he07B7_KUX07mmtA,war,War,theme,War and escalation framing.,-0.5553273558616638,negative,152,152,,345,UCcyq283he07B7_KUX07mmtA,Business Insider,iran_news,iran,news,1,-0.18135782348577278
iran_news::UCg40OxZ1GYh3u3jBntB6DLg,war,War,theme,War and escalation framing.,-0.5550737977027893,negative,152,152,,3566,UCg40OxZ1GYh3u3jBntB6DLg,Forbes Breaking News,iran_news,iran,news,24,-0.12058254398897388
iran_news::UCrvhNP_lWuPIP6QZzJmM-bw,war,War,theme,War and escalation framing.,-0.5593613982200623,negative,152,152,,1718,UCrvhNP_lWuPIP6QZzJmM-bw,New York Post,iran_news,iran,news,1,-1.1482762335335748
iran_news::UCupvZG-5ko_eiXAupbDfxWw,war,War,theme,War and escalation framing.,-0.5579186081886292,negative,152,152,,25467,UCupvZG-5ko_eiXAupbDfxWw,CNN,iran_news,iran,news,7,-0.8024543210983339
iran_news::UCzuqE7-t13O4NIDYJfakrhw,war,War,theme,War and escalation framing.,-0.5544648766517639,negative,152,152,,1110,UCzuqE7-t13O4NIDYJfakrhw,Democracy Now!,iran_news,iran,news,3,0.025369561168359818
iran_influencers::UC-3jIAlnQmbbVMV6gR7K8aQ,peace,Peace,theme,Peace and de-escalation framing.,-0.6133443117141724,negative,114,114,,5638,UC-3jIAlnQmbbVMV6gR7K8aQ,The Majority Report w/ Sam Seder,iran_influencers,iran,influencer,13,0.47240271696224834
iran_influencers::UC1yBKRuGpC1tSM73A0ZjYjQ,peace,Peace,theme,Peace and de-escalation framing.,-0.6190145611763,negative,114,114,,21922,UC1yBKRuGpC1tSM73A0ZjYjQ,The Young Turks,iran_influencers,iran,influencer,18,-0.884187865379453
iran_influencers::UCCRNUa9EwvRXMYwUmDi3JtA,peace,Peace,theme,Peace and de-escalation framing.,-0.6098717451095581,negative,114,114,,100,UCCRNUa9EwvRXMYwUmDi3JtA,Chad Prather,iran_influencers,iran,influencer,1,1.303204110064681
iran_influencers::UCD8YGIxFCnVqv-ZGqgtVWAg,peace,Peace,theme,Peace and de-escalation framing.,-0.6073611378669739,negative,114,114,,7609,UCD8YGIxFCnVqv-ZGqgtVWAg,Erick Stakelbeck on TBN,iran_influencers,iran,influencer,8,1.903859542245724
iran_influencers::UCG749Dj4V2fKa143f8sE60Q,peace,Peace,theme,Peace and de-escalation framing.,-0.6178377866744995,negative,114,114,,1807,UCG749Dj4V2fKa143f8sE60Q,Tim Pool,iran_influencers,iran,influencer,1,-0.6026480112081292
iran_influencers::UCJdKr0Bgd_5saZYqLCa9mng,peace,Peace,theme,Peace and de-escalation framing.,-0.6138051748275757,negative,114,114,,13385,UCJdKr0Bgd_5saZYqLCa9mng,The Rubin Report,iran_influencers,iran,influencer,7,0.3621425664049533
iran_influencers::UCLdP3jmBYe9lAZQbY6OSYjw,peace,Peace,theme,Peace and de-escalation framing.,-0.6113876104354858,negative,114,114,,15392,UCLdP3jmBYe9lAZQbY6OSYjw,Benny Johnson,iran_influencers,iran,influencer,7,0.9405377690179755
iran_influencers::UCNNTZgxNQuBrhbO0VrG8woA,peace,Peace,theme,Peace and de-escalation framing.,-0.6213401556015015,negative,114,114,,409,UCNNTZgxNQuBrhbO0VrG8woA,No Jumper,iran_influencers,iran,influencer,1,-1.440579522685969
iran_influencers::UCQANb2YPwAtK-IQJrLaaUFw,peace,Peace,theme,Peace and de-escalation framing.,-0.6219592690467834,negative,114,114,,2747,UCQANb2YPwAtK-IQJrLaaUFw,Brian Tyler Cohen,iran_influencers,iran,influencer,3,-1.5887006018166756
iran_influencers::UCaYw_yJ_YLPEv6zR2c7hgHA,peace,Peace,theme,Peace and de-escalation framing.,-0.6143121719360352,negative,114,114,,1507,UCaYw_yJ_YLPEv6zR2c7hgHA,The Officer Tatum,iran_influencers,iran,influencer,3,0.24084499260252812
iran_influencers::UCeAACGXB76rAOON6aaY72-Q,peace,Peace,theme,Peace and de-escalation framing.,-0.6095174551010132,negative,114,114,,91,UCeAACGXB76rAOON6aaY72-Q,Keith Olbermann,iran_influencers,iran,influencer,1,1.3879669573115203
iran_influencers::UCfaIu2jO-fppCQV_lchCRIQ,peace,Peace,theme,Peace and de-escalation framing.,-0.6137955188751221,negative,114,114,,737,UCfaIu2jO-fppCQV_lchCRIQ,Charlie Kirk,iran_influencers,iran,influencer,1,0.3644527247585852
iran_influencers::UClFSU9_bUb4Rc6OYfTt5SPw,peace,Peace,theme,Peace and de-escalation framing.,-0.6145951747894287,negative,114,114,,8049,UClFSU9_bUb4Rc6OYfTt5SPw,Philip DeFranco,iran_influencers,iran,influencer,3,0.1731373885096625
iran_influencers::UCnQC_G5Xsjhp9fEJKuIcrSw,peace,Peace,theme,Peace and de-escalation framing.,-0.6193436980247498,negative,114,114,,1620,UCnQC_G5Xsjhp9fEJKuIcrSw,Ben Shapiro,iran_influencers,iran,influencer,3,-0.9629328927174488
iran_influencers::UCt6J-LE3g25VPn530Td8Ttw,peace,Peace,theme,Peace and de-escalation framing.,-0.613265335559845,negative,114,114,,62,UCt6J-LE3g25VPn530Td8Ttw,The Clay Travis & Buck Sexton Show,iran_influencers,iran,influencer,16,0.4912975306570771
iran_influencers::UCtoaZpBnrd0lhycxYJ4MNOQ,peace,Peace,theme,Peace and de-escalation framing.,-0.6173467636108398,negative,114,114,,3625,UCtoaZpBnrd0lhycxYJ4MNOQ,HasanAbi,iran_influencers,iran,influencer,4,-0.48517218085492214
iran_influencers::UCvixJtaXuNdMPUGdOPcY8Ag,peace,Peace,theme,Peace and de-escalation framing.,-0.6215140223503113,negative,114,114,,2318,UCvixJtaXuNdMPUGdOPcY8Ag,David Pakman Show,iran_influencers,iran,influencer,5,-1.482176633288094
iran_influencers::UCx_2Vso6Qz76n-w5KV8DZcA,peace,Peace,theme,Peace and de-escalation framing.,-0.6108464002609253,negative,114,114,,488,UCx_2Vso6Qz76n-w5KV8DZcA,Allie Beth Stuckey,iran_influencers,iran,influencer,1,1.070020718715368
iran_news::UC3ScyryU9Oy9Wse3a8OAmYQ,peace,Peace,theme,Peace and de-escalation framing.,-0.6190849542617798,negative,114,114,,3773,UC3ScyryU9Oy9Wse3a8OAmYQ,FRONTLINE PBS | Official,iran_news,iran,news,1,-0.9010292049821645
iran_news::UC52X5wxOL_s5yw0dQk7NtgA,peace,Peace,theme,Peace and de-escalation framing.,-0.6200607419013977,negative,114,114,,2382,UC52X5wxOL_s5yw0dQk7NtgA,Associated Press,iran_news,iran,news,10,-1.1344835408297431
iran_news::UC8p1vwvWtl6T73JiExfWs1g,peace,Peace,theme,Peace and de-escalation framing.,-0.6186125874519348,negative,114,114,,940,UC8p1vwvWtl6T73JiExfWs1g,CBS News,iran_news,iran,news,9,-0.7880168287319623
iran_news::UC9k-yiEpRHMNVOnOi_aQK8w,peace,Peace,theme,Peace and de-escalation framing.,-0.6122917532920837,negative,114,114,,77,UC9k-yiEpRHMNVOnOi_aQK8w,Inside Edition,iran_news,iran,news,1,0.7242242377448755
iran_news::UCBi2mrWuNuyYy4gbM6fU18Q,peace,Peace,theme,Peace and de-escalation framing.,-0.6236302256584167,negative,114,114,,1734,UCBi2mrWuNuyYy4gbM6fU18Q,ABC News,iran_news,iran,news,4,-1.9884720788889996
iran_news::UCBu0KdNokE4MqdkacvH37_A,peace,Peace,theme,Peace and de-escalation framing.,-0.6152054667472839,negative,114,114,,389,UCBu0KdNokE4MqdkacvH37_A,WFAA,iran_news,iran,news,1,0.027126824418076362
iran_news::UCCXoCcu9Rp7NPbTzIvogpZg,peace,Peace,theme,Peace and de-escalation framing.,-0.6176892518997192,negative,114,114,,3147,UCCXoCcu9Rp7NPbTzIvogpZg,Fox Business,iran_news,iran,news,8,-0.5671115012251003
iran_news::UCIALMKvObZNtJ6AmdCLP7Lg,peace,Peace,theme,Peace and de-escalation framing.,-0.608660101890564,negative,114,114,,89,UCIALMKvObZNtJ6AmdCLP7Lg,Bloomberg Television,iran_news,iran,news,2,1.5930862027352313
iran_news::UCJg9wBPyKMNA5sRDnvzmkdg,peace,Peace,theme,Peace and de-escalation framing.,-0.6191360354423523,negative,114,114,,2841,UCJg9wBPyKMNA5sRDnvzmkdg,LiveNOW from FOX,iran_news,iran,news,8,-0.9132502278776123
iran_news::UCK7tptUDHh-RYDsdxO1-5QQ,peace,Peace,theme,Peace and de-escalation framing.,-0.614756166934967,negative,114,114,,357,UCK7tptUDHh-RYDsdxO1-5QQ,The Wall Street Journal,iran_news,iran,news,1,0.13462048904571347
iran_news::UCLXo7UDZvByw2ixzpQCufnA,peace,Peace,theme,Peace and de-escalation framing.,-0.6114341616630554,negative,114,114,,24,UCLXo7UDZvByw2ixzpQCufnA,Vox,iran_news,iran,news,1,0.9294005241155896
iran_news::UCP6HGa63sBC7-KHtkme-p-g,peace,Peace,theme,Peace and de-escalation framing.,-0.6105021238327026,negative,114,114,,136,UCP6HGa63sBC7-KHtkme-p-g,USA TODAY,iran_news,iran,news,6,1.1523878461880706
iran_news::UCYI_ychRnL7sJrG6PUSBpQA,peace,Peace,theme,Peace and de-escalation framing.,-0.6080287098884583,negative,114,114,,350,UCYI_ychRnL7sJrG6PUSBpQA,CBN News,iran_news,iran,news,3,1.7441448906366055
iran_news::UCZaT_X_mc0BI-djXOlfhqWQ,peace,Peace,theme,Peace and de-escalation framing.,-0.6132128238677979,negative,114,114,,369,UCZaT_X_mc0BI-djXOlfhqWQ,VICE News,iran_news,iran,news,1,0.5038607992345444
iran_news::UCcyq283he07B7_KUX07mmtA,peace,Peace,theme,Peace and de-escalation framing.,-0.6143850684165955,negative,114,114,,345,UCcyq283he07B7_KUX07mmtA,Business Insider,iran_news,iran,news,1,0.2234047230562824
iran_news::UCg40OxZ1GYh3u3jBntB6DLg,peace,Peace,theme,Peace and de-escalation framing.,-0.6154904961585999,negative,114,114,,3566,UCg40OxZ1GYh3u3jBntB6DLg,Forbes Breaking News,iran_news,iran,news,24,-0.041065627724316926
iran_news::UCrvhNP_lWuPIP6QZzJmM-bw,peace,Peace,theme,Peace and de-escalation framing.,-0.6186883449554443,negative,114,114,,1718,UCrvhNP_lWuPIP6QZzJmM-bw,New York Post,iran_news,iran,news,1,-0.8061415896422471
iran_news::UCupvZG-5ko_eiXAupbDfxWw,peace,Peace,theme,Peace and de-escalation framing.,-0.6182675361633301,negative,114,114,,25467,UCupvZG-5ko_eiXAupbDfxWw,CNN,iran_news,iran,news,7,-0.7054643181814992
iran_news::UCzuqE7-t13O4NIDYJfakrhw,peace,Peace,theme,Peace and de-escalation framing.,-0.617202639579773,negative,114,114,,1110,UCzuqE7-t13O4NIDYJfakrhw,Democracy Now!,iran_news,iran,news,3,-0.4506909283914535
iran_influencers::UC-3jIAlnQmbbVMV6gR7K8aQ,america,America,country,United States-centered topic bag.,-0.6681939959526062,negative,152,152,,5638,UC-3jIAlnQmbbVMV6gR7K8aQ,The Majority Report w/ Sam Seder,iran_influencers,iran,influencer,13,0.20246049709605743
iran_influencers::UC1yBKRuGpC1tSM73A0ZjYjQ,america,America,country,United States-centered topic bag.,-0.674225926399231,negative,152,152,,21922,UC1yBKRuGpC1tSM73A0ZjYjQ,The Young Turks,iran_influencers,iran,influencer,18,-0.9004131890802283
iran_influencers::UCCRNUa9EwvRXMYwUmDi3JtA,america,America,country,United States-centered topic bag.,-0.6616324782371521,negative,152,152,,100,UCCRNUa9EwvRXMYwUmDi3JtA,Chad Prather,iran_influencers,iran,influencer,1,1.4021635264642354
iran_influencers::UCD8YGIxFCnVqv-ZGqgtVWAg,america,America,country,United States-centered topic bag.,-0.658065140247345,negative,152,152,,7609,UCD8YGIxFCnVqv-ZGqgtVWAg,Erick Stakelbeck on TBN,iran_influencers,iran,influencer,8,2.0544129569689904
iran_influencers::UCG749Dj4V2fKa143f8sE60Q,america,America,country,United States-centered topic bag.,-0.6706463098526001,negative,152,152,,1807,UCG749Dj4V2fKa143f8sE60Q,Tim Pool,iran_influencers,iran,influencer,1,-0.24591875635853128
iran_influencers::UCJdKr0Bgd_5saZYqLCa9mng,america,America,country,United States-centered topic bag.,-0.6694492101669312,negative,152,152,,13385,UCJdKr0Bgd_5saZYqLCa9mng,The Rubin Report,iran_influencers,iran,influencer,7,-0.02704193827569921
iran_influencers::UCLdP3jmBYe9lAZQbY6OSYjw,america,America,country,United States-centered topic bag.,-0.6661160588264465,negative,152,152,,15392,UCLdP3jmBYe9lAZQbY6OSYjw,Benny Johnson,iran_influencers,iran,influencer,7,0.5823889790719433
iran_influencers::UCNNTZgxNQuBrhbO0VrG8woA,america,America,country,United States-centered topic bag.,-0.6752368807792664,negative,152,152,,409,UCNNTZgxNQuBrhbO0VrG8woA,No Jumper,iran_influencers,iran,influencer,1,-1.0852553376314589
iran_influencers::UCQANb2YPwAtK-IQJrLaaUFw,america,America,country,United States-centered topic bag.,-0.6781638264656067,negative,152,152,,2747,UCQANb2YPwAtK-IQJrLaaUFw,Brian Tyler Cohen,iran_influencers,iran,influencer,3,-1.6204159146467723
iran_influencers::UCaYw_yJ_YLPEv6zR2c7hgHA,america,America,country,United States-centered topic bag.,-0.6656407713890076,negative,152,152,,1507,UCaYw_yJ_YLPEv6zR2c7hgHA,The Officer Tatum,iran_influencers,iran,influencer,3,0.669290181391825
iran_influencers::UCeAACGXB76rAOON6aaY72-Q,america,America,country,United States-centered topic bag.,-0.6621601581573486,negative,152,152,,91,UCeAACGXB76rAOON6aaY72-Q,Keith Olbermann,iran_influencers,iran,influencer,1,1.3056829214808001
iran_influencers::UCfaIu2jO-fppCQV_lchCRIQ,america,America,country,United States-centered topic bag.,-0.6695230603218079,negative,152,152,,737,UCfaIu2jO-fppCQV_lchCRIQ,Charlie Kirk,iran_influencers,iran,influencer,1,-0.04054464578439414
iran_influencers::UClFSU9_bUb4Rc6OYfTt5SPw,america,America,country,United States-centered topic bag.,-0.6692537665367126,negative,152,152,,8049,UClFSU9_bUb4Rc6OYfTt5SPw,Philip DeFranco,iran_influencers,iran,influencer,3,0.008692830022130223
iran_influencers::UCnQC_G5Xsjhp9fEJKuIcrSw,america,America,country,United States-centered topic bag.,-0.6723196506500244,negative,152,152,,1620,UCnQC_G5Xsjhp9fEJKuIcrSw,Ben Shapiro,iran_influencers,iran,influencer,3,-0.5518711458654735
iran_influencers::UCt6J-LE3g25VPn530Td8Ttw,america,America,country,United States-centered topic bag.,-0.665077805519104,negative,152,152,,62,UCt6J-LE3g25VPn530Td8Ttw,The Clay Travis & Buck Sexton Show,iran_influencers,iran,influencer,16,0.7722224432317149
iran_influencers::UCtoaZpBnrd0lhycxYJ4MNOQ,america,America,country,United States-centered topic bag.,-0.6717173457145691,negative,152,152,,3625,UCtoaZpBnrd0lhycxYJ4MNOQ,HasanAbi,iran_influencers,iran,influencer,4,-0.4417461584761577
iran_influencers::UCvixJtaXuNdMPUGdOPcY8Ag,america,America,country,United States-centered topic bag.,-0.675600528717041,negative,152,152,,2318,UCvixJtaXuNdMPUGdOPcY8Ag,David Pakman Show,iran_influencers,iran,influencer,5,-1.151744456687591
iran_influencers::UCx_2Vso6Qz76n-w5KV8DZcA,america,America,country,United States-centered topic bag.,-0.663497269153595,negative,152,152,,488,UCx_2Vso6Qz76n-w5KV8DZcA,Allie Beth Stuckey,iran_influencers,iran,influencer,1,1.0612065392834207
iran_news::UC3ScyryU9Oy9Wse3a8OAmYQ,america,America,country,United States-centered topic bag.,-0.6732670664787292,negative,152,152,,3773,UC3ScyryU9Oy9Wse3a8OAmYQ,FRONTLINE PBS | Official,iran_news,iran,news,1,-0.7250959528474799
iran_news::UC52X5wxOL_s5yw0dQk7NtgA,america,America,country,United States-centered topic bag.,-0.675737202167511,negative,152,152,,2382,UC52X5wxOL_s5yw0dQk7NtgA,Associated Press,iran_news,iran,news,10,-1.1767337289373387
iran_news::UC8p1vwvWtl6T73JiExfWs1g,america,America,country,United States-centered topic bag.,-0.6754758954048157,negative,152,152,,940,UC8p1vwvWtl6T73JiExfWs1g,CBS News,iran_news,iran,news,9,-1.128956594378728
iran_news::UC9k-yiEpRHMNVOnOi_aQK8w,america,America,country,United States-centered topic bag.,-0.6644701957702637,negative,152,152,,77,UC9k-yiEpRHMNVOnOi_aQK8w,Inside Edition,iran_news,iran,news,1,0.8833173587633018
iran_news::UCBi2mrWuNuyYy4gbM6fU18Q,america,America,country,United States-centered topic bag.,-0.6791022419929504,negative,152,152,,1734,UCBi2mrWuNuyYy4gbM6fU18Q,ABC News,iran_news,iran,news,4,-1.791995113207622
iran_news::UCBu0KdNokE4MqdkacvH37_A,america,America,country,United States-centered topic bag.,-0.6696325540542603,negative,152,152,,389,UCBu0KdNokE4MqdkacvH37_A,WFAA,iran_news,iran,news,1,-0.060564398563629475
iran_news::UCCXoCcu9Rp7NPbTzIvogpZg,america,America,country,United States-centered topic bag.,-0.6736233830451965,negative,152,152,,3147,UCCXoCcu9Rp7NPbTzIvogpZg,Fox Business,iran_news,iran,news,8,-0.7902446094148554
iran_news::UCIALMKvObZNtJ6AmdCLP7Lg,america,America,country,United States-centered topic bag.,-0.661825954914093,negative,152,152,,89,UCIALMKvObZNtJ6AmdCLP7Lg,Bloomberg Television,iran_news,iran,news,2,1.3667883944438772
iran_news::UCJg9wBPyKMNA5sRDnvzmkdg,america,America,country,United States-centered topic bag.,-0.6751462817192078,negative,152,152,,2841,UCJg9wBPyKMNA5sRDnvzmkdg,LiveNOW from FOX,iran_news,iran,news,8,-1.068690272729751
iran_news::UCK7tptUDHh-RYDsdxO1-5QQ,america,America,country,United States-centered topic bag.,-0.6696915626525879,negative,152,152,,357,UCK7tptUDHh-RYDsdxO1-5QQ,The Wall Street Journal,iran_news,iran,news,1,-0.07135348688776828
iran_news::UCLXo7UDZvByw2ixzpQCufnA,america,America,country,United States-centered topic bag.,-0.6629675626754761,negative,152,152,,24,UCLXo7UDZvByw2ixzpQCufnA,Vox,iran_news,iran,news,1,1.1580576786133414
iran_news::UCP6HGa63sBC7-KHtkme-p-g,america,America,country,United States-centered topic bag.,-0.66316157579422,negative,152,152,,136,UCP6HGa63sBC7-KHtkme-p-g,USA TODAY,iran_news,iran,news,6,1.1225844639718547
iran_news::UCYI_ychRnL7sJrG6PUSBpQA,america,America,country,United States-centered topic bag.,-0.6572921276092529,negative,152,152,,350,UCYI_ychRnL7sJrG6PUSBpQA,CBN News,iran_news,iran,news,3,2.195750014015209
iran_news::UCZaT_X_mc0BI-djXOlfhqWQ,america,America,country,United States-centered topic bag.,-0.6683037877082825,negative,152,152,,369,UCZaT_X_mc0BI-djXOlfhqWQ,VICE News,iran_news,iran,news,1,0.1823862539717507
iran_news::UCcyq283he07B7_KUX07mmtA,america,America,country,United States-centered topic bag.,-0.6685966849327087,negative,152,152,,345,UCcyq283he07B7_KUX07mmtA,Business Insider,iran_news,iran,news,1,0.12883314283557082
iran_news::UCg40OxZ1GYh3u3jBntB6DLg,america,America,country,United States-centered topic bag.,-0.6689551472663879,negative,152,152,,3566,UCg40OxZ1GYh3u3jBntB6DLg,Forbes Breaking News,iran_news,iran,news,24,0.06329215578368115
iran_news::UCrvhNP_lWuPIP6QZzJmM-bw,america,America,country,United States-centered topic bag.,-0.6736441850662231,negative,152,152,,1718,UCrvhNP_lWuPIP6QZzJmM-bw,New York Post,iran_news,iran,news,1,-0.7940480355008397
iran_news::UCupvZG-5ko_eiXAupbDfxWw,america,America,country,United States-centered topic bag.,-0.6739425659179688,negative,152,152,,25467,UCupvZG-5ko_eiXAupbDfxWw,CNN,iran_news,iran,news,7,-0.8486037689863335
iran_news::UCzuqE7-t13O4NIDYJfakrhw,america,America,country,United States-centered topic bag.,-0.6727923154830933,negative,152,152,,1110,UCzuqE7-t13O4NIDYJfakrhw,Democracy Now!,iran_news,iran,news,3,-0.6382928331487268
iran_influencers::UC-3jIAlnQmbbVMV6gR7K8aQ,terror,Terror,theme,Terrorism and extremism framing.,-0.5965197086334229,negative,114,114,,5638,UC-3jIAlnQmbbVMV6gR7K8aQ,The Majority Report w/ Sam Seder,iran_influencers,iran,influencer,13,0.3043276033300392
iran_influencers::UC1yBKRuGpC1tSM73A0ZjYjQ,terror,Terror,theme,Terrorism and extremism framing.,-0.6042541861534119,negative,114,114,,21922,UC1yBKRuGpC1tSM73A0ZjYjQ,The Young Turks,iran_influencers,iran,influencer,18,-0.8802444519054041
iran_influencers::UCCRNUa9EwvRXMYwUmDi3JtA,terror,Terror,theme,Terrorism and extremism framing.,-0.5899486541748047,negative,114,114,,100,UCCRNUa9EwvRXMYwUmDi3JtA,Chad Prather,iran_influencers,iran,influencer,1,1.3107158777794294
iran_influencers::UCD8YGIxFCnVqv-ZGqgtVWAg,terror,Terror,theme,Terrorism and extremism framing.,-0.5831624865531921,negative,114,114,,7609,UCD8YGIxFCnVqv-ZGqgtVWAg,Erick Stakelbeck on TBN,iran_influencers,iran,influencer,8,2.350049757272975
iran_influencers::UCG749Dj4V2fKa143f8sE60Q,terror,Terror,theme,Terrorism and extremism framing.,-0.6020227074623108,negative,114,114,,1807,UCG749Dj4V2fKa143f8sE60Q,Tim Pool,iran_influencers,iran,influencer,1,-0.5384828665235577
iran_influencers::UCJdKr0Bgd_5saZYqLCa9mng,terror,Terror,theme,Terrorism and extremism framing.,-0.5968112945556641,negative,114,114,,13385,UCJdKr0Bgd_5saZYqLCa9mng,The Rubin Report,iran_influencers,iran,influencer,7,0.25966983112831926
iran_influencers::UCLdP3jmBYe9lAZQbY6OSYjw,terror,Terror,theme,Terrorism and extremism framing.,-0.5933330059051514,negative,114,114,,15392,UCLdP3jmBYe9lAZQbY6OSYjw,Benny Johnson,iran_influencers,iran,influencer,7,0.7923862977275773
iran_influencers::UCNNTZgxNQuBrhbO0VrG8woA,terror,Terror,theme,Terrorism and extremism framing.,-0.6085541844367981,negative,114,114,,409,UCNNTZgxNQuBrhbO0VrG8woA,No Jumper,iran_influencers,iran,influencer,1,-1.53880966085399
iran_influencers::UCQANb2YPwAtK-IQJrLaaUFw,terror,Terror,theme,Terrorism and extremism framing.,-0.6095198392868042,negative,114,114,,2747,UCQANb2YPwAtK-IQJrLaaUFw,Brian Tyler Cohen,iran_influencers,iran,influencer,3,-1.6867042985154914
iran_influencers::UCaYw_yJ_YLPEv6zR2c7hgHA,terror,Terror,theme,Terrorism and extremism framing.,-0.594121515750885,negative,114,114,,1507,UCaYw_yJ_YLPEv6zR2c7hgHA,The Officer Tatum,iran_influencers,iran,influencer,3,0.6716222608394838
iran_influencers::UCeAACGXB76rAOON6aaY72-Q,terror,Terror,theme,Terrorism and extremism framing.,-0.5913951396942139,negative,114,114,,91,UCeAACGXB76rAOON6aaY72-Q,Keith Olbermann,iran_influencers,iran,influencer,1,1.0891797339136606
iran_influencers::UCfaIu2jO-fppCQV_lchCRIQ,terror,Terror,theme,Terrorism and extremism framing.,-0.5989452600479126,negative,114,114,,737,UCfaIu2jO-fppCQV_lchCRIQ,Charlie Kirk,iran_influencers,iran,influencer,1,-0.06715714359898624
iran_influencers::UClFSU9_bUb4Rc6OYfTt5SPw,terror,Terror,theme,Terrorism and extremism framing.,-0.5989868640899658,negative,114,114,,8049,UClFSU9_bUb4Rc6OYfTt5SPw,Philip DeFranco,iran_influencers,iran,influencer,3,-0.07352900071198717
iran_influencers::UCnQC_G5Xsjhp9fEJKuIcrSw,terror,Terror,theme,Terrorism and extremism framing.,-0.6029973030090332,negative,114,114,,1620,UCnQC_G5Xsjhp9fEJKuIcrSw,Ben Shapiro,iran_influencers,iran,influencer,3,-0.6877468144528961
iran_influencers::UCt6J-LE3g25VPn530Td8Ttw,terror,Terror,theme,Terrorism and extremism framing.,-0.5957179665565491,negative,114,114,,62,UCt6J-LE3g25VPn530Td8Ttw,The Clay Travis & Buck Sexton Show,iran_influencers,iran,influencer,16,0.4271182194145313
iran_influencers::UCtoaZpBnrd0lhycxYJ4MNOQ,terror,Terror,theme,Terrorism and extremism framing.,-0.6016802191734314,negative,114,114,,3625,UCtoaZpBnrd0lhycxYJ4MNOQ,HasanAbi,iran_influencers,iran,influencer,4,-0.4860291545302865
iran_influencers::UCvixJtaXuNdMPUGdOPcY8Ag,terror,Terror,theme,Terrorism and extremism framing.,-0.6065757870674133,negative,114,114,,2318,UCvixJtaXuNdMPUGdOPcY8Ag,David Pakman Show,iran_influencers,iran,influencer,5,-1.2358086847870462
iran_influencers::UCx_2Vso6Qz76n-w5KV8DZcA,terror,Terror,theme,Terrorism and extremism framing.,-0.5905012488365173,negative,114,114,,488,UCx_2Vso6Qz76n-w5KV8DZcA,Allie Beth Stuckey,iran_influencers,iran,influencer,1,1.2260833744919915
iran_news::UC3ScyryU9Oy9Wse3a8OAmYQ,terror,Terror,theme,Terrorism and extremism framing.,-0.603402853012085,negative,114,114,,3773,UC3ScyryU9Oy9Wse3a8OAmYQ,FRONTLINE PBS | Official,iran_news,iran,news,1,-0.7498587282019767
iran_news::UC52X5wxOL_s5yw0dQk7NtgA,terror,Terror,theme,Terrorism and extremism framing.,-0.605720043182373,negative,114,114,,2382,UC52X5wxOL_s5yw0dQk7NtgA,Associated Press,iran_news,iran,news,10,-1.1047474346848194
iran_news::UC8p1vwvWtl6T73JiExfWs1g,terror,Terror,theme,Terrorism and extremism framing.,-0.6039767265319824,negative,114,114,,940,UC8p1vwvWtl6T73JiExfWs1g,CBS News,iran_news,iran,news,9,-0.8377501899268663
iran_news::UC9k-yiEpRHMNVOnOi_aQK8w,terror,Terror,theme,Terrorism and extremism framing.,-0.5938003659248352,negative,114,114,,77,UC9k-yiEpRHMNVOnOi_aQK8w,Inside Edition,iran_news,iran,news,1,0.7208078856601844
iran_news::UCBi2mrWuNuyYy4gbM6fU18Q,terror,Terror,theme,Terrorism and extremism framing.,-0.6095859408378601,negative,114,114,,1734,UCBi2mrWuNuyYy4gbM6fU18Q,ABC News,iran_news,iran,news,4,-1.6968280657623653
iran_news::UCBu0KdNokE4MqdkacvH37_A,terror,Terror,theme,Terrorism and extremism framing.,-0.5981839299201965,negative,114,114,,389,UCBu0KdNokE4MqdkacvH37_A,WFAA,iran_news,iran,news,1,0.049444190074883175
iran_news::UCCXoCcu9Rp7NPbTzIvogpZg,terror,Terror,theme,Terrorism and extremism framing.,-0.6023632287979126,negative,114,114,,3147,UCCXoCcu9Rp7NPbTzIvogpZg,Fox Business,iran_news,iran,news,8,-0.5906353302579049
iran_news::UCIALMKvObZNtJ6AmdCLP7Lg,terror,Terror,theme,Terrorism and extremism framing.,-0.5912871360778809,negative,114,114,,89,UCIALMKvObZNtJ6AmdCLP7Lg,Bloomberg Television,iran_news,iran,news,2,1.1057210019491301
iran_news::UCJg9wBPyKMNA5sRDnvzmkdg,terror,Terror,theme,Terrorism and extremism framing.,-0.6046884655952454,negative,114,114,,2841,UCJg9wBPyKMNA5sRDnvzmkdg,LiveNOW from FOX,iran_news,iran,news,8,-0.9467564159818006
iran_news::UCK7tptUDHh-RYDsdxO1-5QQ,terror,Terror,theme,Terrorism and extremism framing.,-0.5982837080955505,negative,114,114,,357,UCK7tptUDHh-RYDsdxO1-5QQ,The Wall Street Journal,iran_news,iran,news,1,0.03416268748582364
iran_news::UCLXo7UDZvByw2ixzpQCufnA,terror,Terror,theme,Terrorism and extremism framing.,-0.5927636027336121,negative,114,114,,24,UCLXo7UDZvByw2ixzpQCufnA,Vox,iran_news,iran,news,1,0.8795931043185485
iran_news::UCP6HGa63sBC7-KHtkme-p-g,terror,Terror,theme,Terrorism and extremism framing.,-0.5900841951370239,negative,114,114,,136,UCP6HGa63sBC7-KHtkme-p-g,USA TODAY,iran_news,iran,news,6,1.2899571341190224
iran_news::UCYI_ychRnL7sJrG6PUSBpQA,terror,Terror,theme,Terrorism and extremism framing.,-0.5837920904159546,negative,114,114,,350,UCYI_ychRnL7sJrG6PUSBpQA,CBN News,iran_news,iran,news,3,2.253622928211902
iran_news::UCZaT_X_mc0BI-djXOlfhqWQ,terror,Terror,theme,Terrorism and extremism framing.,-0.5982972383499146,negative,114,114,,369,UCZaT_X_mc0BI-djXOlfhqWQ,VICE News,iran_news,iran,news,1,0.032090464613830506
iran_news::UCcyq283he07B7_KUX07mmtA,terror,Terror,theme,Terrorism and extremism framing.,-0.5985584855079651,negative,114,114,,345,UCcyq283he07B7_KUX07mmtA,Business Insider,iran_news,iran,news,1,-0.007920781412363
iran_news::UCg40OxZ1GYh3u3jBntB6DLg,terror,Terror,theme,Terrorism and extremism framing.,-0.5987177491188049,negative,114,114,,3566,UCg40OxZ1GYh3u3jBntB6DLg,Forbes Breaking News,iran_news,iran,news,24,-0.032312761650097215
iran_news::UCrvhNP_lWuPIP6QZzJmM-bw,terror,Terror,theme,Terrorism and extremism framing.,-0.6046017408370972,negative,114,114,,1718,UCrvhNP_lWuPIP6QZzJmM-bw,New York Post,iran_news,iran,news,1,-0.9334741063837829
iran_news::UCupvZG-5ko_eiXAupbDfxWw,terror,Terror,theme,Terrorism and extremism framing.,-0.6024826765060425,negative,114,114,,25467,UCupvZG-5ko_eiXAupbDfxWw,CNN,iran_news,iran,news,7,-0.6089293154362055
iran_news::UCzuqE7-t13O4NIDYJfakrhw,terror,Terror,theme,Terrorism and extremism framing.,-0.599112868309021,negative,114,114,,1110,UCzuqE7-t13O4NIDYJfakrhw,Democracy Now!,iran_news,iran,news,3,-0.0928271467533682
